Doc_ID	Cite_ID	Type	Contents	Label	Paper_ID	URL	Coords
doc0013	cite0419	Raw_Reference	"P. 815. Two somewhat larger, imperfect fishes, the second wanting the extremity of the tail. Egerton Coll."		9234928a487f03f740c5ead7ff669b96329e1c0a	https://www.biodiversitylibrary.org/itempdf/125733	"423,13.82,63.06,261.29,8.97;423,42.77,73.45,95.68,9.53;423,228.53,73.45,47.62,9.53"
doc0075	cite0420	Raw_Reference	"Witthoft, J. 1967 Glazed Polish on Flint Tools. American An- tiquity 32:383-388."		074a28386d154499b1a73eaf85c985147f7340cd	https://www.cambridge.org/core/services/aop-cambridge-core/content/view/9896FBFD74E08C81EC26D3CE57986C9B/S1045663500011330a.pdf/div-class-title-microwear-analysis-in-the-southeast-maya-lowlands-two-case-studies-at-copan-honduras-div.pdf	"16,256.77,242.06,40.71,8.10;16,265.65,251.90,186.44,8.10;16,272.85,260.78,69.03,8.10"
doc0006	cite0421	Raw_Reference	"Townsend, Asia and Europe, 307."		d6a9b486f833a3db09298ea76f05ee3cb476c8f5	https://library.oapen.org/bitstream/20.500.12657/51086/1/external_content.pdf	"61,70.41,133.00,134.56,9.00"
doc0023	cite0422	Raw_Reference	"Sap ir, Edward. Selected Writings, ed. D. G. Man delbaum. Be rkeley: Un ive rs ity of Cal if ornia Press , 1951."		9d7a870c061da41b94c24ceb6360386d011b99e0	https://muse.jhu.edu/book/67900/pdf	"547,46.68,336.69,337.05,12.78;547,57.09,347.01,101.13,12.60"
doc0076	cite0423	Raw_Reference	"Wilayet Kars: Ardahan, Davis and Hedge D. 30428 (E, K). Transcaucasia: Georgia, Hohenacker s.n. 1835 (L, M, P). Kuban: near Utekhalan, Sommier and Levier, 164 (FI). Adjaria: Mt. Khivo, Alboff 262 (FI)."		044dfb18bfa94bc5643783f6a44c671fe09ac597	https://repository.naturalis.nl/pub/534974/MBMHU1962188001001.pdf	"135,176.00,205.82,200.27,4.87;135,60.00,214.82,316.67,4.87;135,60.00,222.82,316.98,5.87"
doc0023	cite0424	Raw_Reference	"Clifford, W. K. Hodgen, Margaret T., 406 11.12"		9d7a870c061da41b94c24ceb6360386d011b99e0	https://muse.jhu.edu/book/67900/pdf	"552,48.12,501.92,56.46,11.28;558,228.36,48.24,114.30,11.10"
doc0077	cite0425	Raw_Reference	"Alexander, King of Macedonia, 48, 50, 66, 113"		10f33b3276fb0a17d76ad750042a952f6253814f	https://archive.org/download/democraticideals00mack/democraticideals00mack_bw.pdf	"275,15.65,150.57,119.19,5.59;275,23.26,161.01,37.34,5.18"
doc0073	cite0426	Raw_Reference	"Fisher 232-3 (quotation, 233). On the opposition between hybris and festive hesychia in this and other passages, see Fisher 216-42 passim and Dickie (n. 2); cf. W.J. Slater, ICS vi (1981) 205-14."		40285c4540d2c39e380f1cc49f6069d449e6b36c	https://www.pure.ed.ac.uk/ws/files/11874467/Hybris_Dishonour_and_Thinking_Big.pdf	"26,89.04,612.93,391.29,9.72;26,57.18,623.13,339.87,9.84"
doc0005	cite0427	Raw_Reference	Yasser Tabhaa. 7%e I'rarr~j)r-ination o/ Iylainir .Art d u n n g the S u ~r ~i i h z ~i o n l (Seattle: Univel-sit\ of \Vashington Pres?. 2001).		fc15208c55b16378032b70f869c1f4fbb260aa52	http://arthistoriography.files.wordpress.com/2012/05/blairbloomdoc.pdf	"35,79.24,426.29,220.13,8.90;35,291.60,428.16,26.91,6.64;35,61.44,436.48,157.75,6.75"
doc0048	cite0428	Raw_Reference	"Custance-RIDING RECOLLECTIONS AND TURF STORIES. By HENRY CUSTANCE. One vol., crown 8vo., cloth, 2s. 6d. § : Freshfield-EXPLORATION OF THE CAUCASUS. By Dovuctas W. FRESHFIELD, lately President of the Alpine Club and Honorary Secretary of the Royal Geographical Society. Illustrated by 3 Panoramas, 74 full-page Photogravures, about 140 Illustrations in the text, and 4 Original Maps. In 2 vols., large 4to., 600 pp., £3 35. net. Gordon-PERSIA REVISITED. With Remarks on H.I.M. Mozuffer- ed-Din Shah, and the Present Situation in Persia (1896). By General Sir T. E."		66322e6103e0d8944be90aeb86f883f0e09d0797	https://www.biodiversitylibrary.org/itempdf/58316	"481,37.26,363.67,324.59,12.01;481,380.16,363.67,11.25,12.01;481,54.36,376.79,233.81,8.01;481,36.72,386.70,269.75,12.01;481,329.22,386.70,59.46,12.01;481,53.82,400.06,337.57,8.01;481,54.72,408.71,334.18,8.01;481,53.82,417.69,336.67,8.01;481,53.64,425.26,74.41,9.01;481,36.90,437.30,163.33,10.01;481,218.88,437.30,170.17,10.01;481,54.18,449.21,232.71,8.01;481,302.76,449.21,87.75,8.01"
doc0078	cite0429	Raw_Reference	"Ladefoged, p.. Three Areas of rxoorintontal Phonetics. London* Oxford University Press. (1967)."		b98c7a55f886029c7a8e48fa36f289b4dcd29798	https://era.ed.ac.uk/bitstream/1842/16333/1/TrudgillPJ_1971_redux.pdf	"623,76.08,403.91,392.24,9.37;623,114.00,421.81,50.38,7.63;623,180.00,421.31,176.65,9.97;623,375.12,420.71,48.34,11.55"
doc0042	cite0430	Raw_Reference	"Pearson, R. J. 1962 tr Dong-so T n and Its Origin. "" Bulletin of the Institute of Ethnology, Academia Sinica 13:27-50."		e2fdab6d844971683e03b50fe9efe3c058a3e9d9	https://library.oapen.org/bitstream/20.500.12657/41852/1/9780472901722.pdf	"320,52.02,155.06,74.89,10.80;320,66.89,171.38,21.73,10.80;320,109.90,168.81,4.52,7.02;320,114.22,171.38,39.72,10.80;320,153.75,168.81,4.72,7.02;320,158.27,171.38,211.88,10.80;320,110.82,182.66,200.76,10.80"
doc0079	cite0431	Raw_Reference	"Haworth, Mr., extract from his work entitled Lepidop- tera Britannica, 126."		c94450abdbd27734dc0c6e9ac65acb5e554a4960	https://archive.org/download/preliminarydisco00swai/preliminarydisco00swai_bw.pdf	"470,24.62,137.98,93.79,6.31;470,32.11,145.22,85.94,7.01;470,32.11,153.14,65.41,7.15"
doc0067	cite0432	Raw_Reference	"José Llamas, Un manuscrito desconocido, ejemplar directo del texto hebreo Complutense (Escorial 1933)."		ac183630707edce8196a6d07f345995410d90490	https://digital.csic.es/bitstream/10261/7969/1/maite.pdf	"14,79.92,649.56,425.13,9.02"
doc0077	cite0433	Raw_Reference	"Bismarck, Ambassador in Paris, 152; Called to power at Berlin, 152; Dual Alliance, 153; His basis of German Unity, 152;"		10f33b3276fb0a17d76ad750042a952f6253814f	https://archive.org/download/democraticideals00mack/democraticideals00mack_bw.pdf	"275,146.48,280.72,118.91,5.69;275,154.81,290.84,110.29,5.47;275,154.67,300.79,110.72,5.90;275,154.24,310.47,110.87,6.15"
doc0023	cite0434	Raw_Reference	"Knox, T. M ., 437 n.60"		9d7a870c061da41b94c24ceb6360386d011b99e0	https://muse.jhu.edu/book/67900/pdf	"560,49.93,388.50,83.61,11.10"
doc0080	cite0435	Raw_Reference	"Glaeser, Edward, Matt Kahn, and Jordan Rappaport. 2008. ""Why do the Poor Live in Cities?""Journal of Urban Economics 63(1): 1-24."		da6a5c1cd78b7a98ec37beb3f86d4952a215a165	https://hal-sciencespo.archives-ouvertes.fr/hal-03460723/file/ipr-wp-13-24.pdf	"37,72.00,320.02,409.58,10.58;37,72.00,334.66,72.77,10.58;37,72.00,349.28,155.66,10.60"
doc0012	cite0436	Raw_Reference	"Bruijn, et al. (eds.), Dutch Asiatic Shipping I, 162. Koninkx, 'Ziekten op Zee', 41."		ea4c843fe045e40e11e3f9ef53da2177be6d5e3a	https://scholarlypublications.universiteitleiden.nl/access/item%3A2723076/view	"353,72.25,580.14,169.96,8.53;353,72.25,590.14,105.88,8.39"
doc0070	cite0437	Raw_Reference	"Smith, Adam. An Inquiry into the Nature and Causes of the Wealth of Nations. Vol. 1. London: W. Strahan and T. Cadell, 1776."		a3ec3dd44891a4e7acc530fe554e272a117c4b8c	https://www.cambridge.org/core/services/aop-cambridge-core/content/view/6F5225E89EFC63E8E35D0611D1834692/S0022050720000467a.pdf/div-class-title-italy-and-the-little-divergence-in-wages-and-prices-new-data-new-results-div.pdf	"30,69.00,150.31,347.97,9.69;30,89.00,162.31,165.54,9.69"
doc0081	cite0438	Raw_Reference	Gothic Cathedrals. . . . . . . . . . . . . . . . . . . . . . . . . . . . . . . . . . . . . . . . 513 10.1 Some Historical Notes . . . . . . . . . . . . . . . . . . . . . . . . . . . . . . . . 513 10.2 Brief Indications on the Construction Techniques . . . . . . . . . . . 515 10.3 Relevant Static Problems . . . . . . . . . . . . . . . . . . . . . . . . . . . . . . 519 10.4 Transverse Wind Strength . . . . . . . . . . . . . . . . . . . . . . . . . . . . . 520 10.4.1 Wind Action on a Typical Segment of the Cathedral . . . . . . . . . . . . . . . . . . . . . . . . . . . . . . 520		5ccf71ebbabfdf4a494e8465bdbf6c892529e922	https://link.springer.com/content/pdf/bfm:978-3-319-54738-1/1?pdf=chapter%20toc	"18,73.99,186.26,311.50,8.89;18,74.27,198.35,311.22,8.76;18,74.27,210.31,311.22,8.76;18,74.27,222.27,311.22,8.76;18,74.27,234.24,311.22,8.76;18,101.76,246.20,179.00,8.76;18,136.06,258.16,249.42,8.76"
doc0013	cite0439	Raw_Reference	"P. 3297. Imperfect small specimen, - Enniskillen Colt."		9234928a487f03f740c5ead7ff669b96329e1c0a	https://www.biodiversitylibrary.org/itempdf/125733	"423,15.41,231.94,143.29,9.25;423,216.43,231.94,62.33,9.25"
doc0012	cite0440	Raw_Reference	"Fabre, A., 'Les traditions de la médicine de l'avant', Médicine et Armées 8 (1980), 781-786."		ea4c843fe045e40e11e3f9ef53da2177be6d5e3a	https://scholarlypublications.universiteitleiden.nl/access/item%3A2723076/view	"324,60.91,289.55,325.98,9.95;324,75.09,302.88,33.51,9.79"
doc0082	cite0441	Raw_Reference	"Louise Hogan, Study of a Child, New York, 1898. Kussmaul, Seelenleben des neugeborenen Menschen, 1896."	YES	d4f570d4c2a525f04251811721b09b95f2826126	https://www.biodiversitylibrary.org/itempdf/15714	"271,42.91,381.66,174.52,8.48;271,43.45,393.34,193.56,6.35"
doc0029	cite0442	Raw_Reference	"Eric Santner, ''History beyond the Pleasure Principle,'' in Friedlander, Probing the Limits, 146."		da046592a514d3b052da34aa79a06766dbb89171	https://muse.jhu.edu/book/72311/pdf	"208,77.67,249.56,303.94,8.99;208,85.93,261.56,55.79,8.99"
doc0035	cite0443	Raw_Reference	"Weir, David R. ""A Century of U. S. Unemployment, 1890-1990."" Research in Economic History 14 (1992): 301-41."		eee12636fa1771663a8831e64cf22aafb808fafd	https://openresearch-repository.anu.edu.au/bitstream/1885/23866/2/01_Boyer_New_Estimates_of_British_2002.pdf	"33,132.00,400.75,348.01,8.66;33,150.00,412.39,107.83,8.66"
doc0023	cite0444	Raw_Reference	"Strauss, Le o. Natura l Right and History. Chic ago: University of Chic ago Press, 195 3."		9d7a870c061da41b94c24ceb6360386d011b99e0	https://muse.jhu.edu/book/67900/pdf	"548,47.04,316.99,337.45,12.60;548,56.30,327.23,21.35,12.60"
doc0063	cite0445	Raw_Reference	"Baily, John. 1976. ""Recent Changes in the Dutār of Herat. "" Asian Music 8(1):29-64. ---. 1977. ""Movements in Playing the Herati Dutār. "" In Anthropology of the Body, edited by John Blacking, 275-330. London: Academic Press. ---. 1988. Music of Afghanistan: Professional Musicians in the City of Herat. Cambridge: Cam- bridge University Press."		38c3bdcada7cae74c18ec0ca5539d818d6d446c0	https://academicworks.cuny.edu/cgi/viewcontent.cgi?article=1568&context=gc_pubs	"31,48.06,344.32,271.06,7.91;31,48.06,354.07,317.99,7.91;31,66.07,363.82,147.69,7.91;31,48.06,373.57,318.00,7.91;31,66.07,383.32,77.82,7.91"
doc0060	cite0446	Raw_Reference	"Hartwell, Robert (1962), ""A revolution in the Chinese iron and coal industries during the Northern Sung, 960-1126 A.D"", Journal of Asian Studies, 21, 153-162."		f2d44fdc9c0dcd5fc9f420b6ddbc3e5e4f0a94f9	https://ora.ox.ac.uk/objects/uuid:1aa49524-f613-4668-a34b-8a7fcc485b74/download_file?safe_filename=155aprilbroadberry.pdf&file_format=pdf&type_of_work=Working+paper	"60,72.02,309.33,451.41,10.72;60,108.02,323.13,342.41,10.72"
doc0023	cite0447	Raw_Reference	"Bonnet, Charles, 396 11.4, 422 n.16, 488 11•59 Bosanquet, Bernard -and associationism, 221 -and Green, T. H., 223, 465 n.133 -and religion, 35"		9d7a870c061da41b94c24ceb6360386d011b99e0	https://muse.jhu.edu/book/67900/pdf	"551,227.29,511.07,156.66,11.10;551,235.45,520.61,15.27,11.10;551,227.16,529.96,75.27,11.10;551,226.81,539.44,97.68,11.10;551,226.45,548.59,135.57,11.10;551,226.69,558.13,69.63,11.10"
doc0083	cite0448	Raw_Reference	JBBRAS. Journal of the Bombay Branch of the Royal Asiatic Society JBORS. Journal of the Bihar and Orissa Research Society. Jolly J. Artha^astra of Kautalya. Lahore 192J.		1489c53a5ab37d65c4735f5d823a95235a7b4396	https://eprints.soas.ac.uk/29395/1/10731540.pdf	"571,98.80,155.59,55.35,10.95;571,173.00,155.59,401.70,10.95;571,223.40,168.89,55.95,10.95;571,98.80,196.29,46.90,10.95;571,164.91,196.29,400.54,10.95;571,98.80,223.39,64.25,10.95;571,181.10,223.39,194.90,10.95;571,395.66,223.39,95.90,10.95"
doc0021	cite0449	FootNote	"Bebel in the Reichstag on April 18, 1877, Stenographische Berichte iiber die Verhandlungen des Reichstages, III Legislative Period, Session 1 (1877), vol. I, p. 570 (hereafter cited as Sten. Ber.); Eduard Bernstein, pp. 70-72; Karl Kautsky, Erinnerungen und Erorterungen, ed. Benedikt Kautsky (The Hague, i960), p."		39023817ac8db417f688a250c69e823b7077b912	https://www.cambridge.org/core/services/aop-cambridge-core/content/view/5421CBA13C66345CDEFEA8ED8F130C51/S0020859000002534a.pdf/div-class-title-german-social-democracy-and-german-state-socialism-1876-1884-div.pdf	"571,98.80,155.59,55.35,10.95;571,173.00,155.59,401.70,10.95;571,223.40,168.89,55.95,10.95;571,98.80,196.29,46.90,10.95;571,164.91,196.29,400.54,10.95;571,98.80,223.39,64.25,10.95;571,181.10,223.39,194.90,10.95;571,395.66,223.39,95.90,10.95"
doc0013	cite0450	Raw_Reference	"Chimera (Ischyodus) beaumonti, Sir P. Egerton, Proc. Geol. Soe. vol. iv. pp. 155, 156."		9234928a487f03f740c5ead7ff669b96329e1c0a	https://www.biodiversitylibrary.org/itempdf/125733	"115,42.96,207.00,240.95,8.83;115,47.23,217.53,89.17,8.27"
doc0013	cite0451	Raw_Reference	"Geol. Mag. [3] vol. v. 1888, p. 516. ] Head as in Osteolepis and Dzplopterus. Dorsal fins opposed to the pelvic pair and the anal fin, respectively. Tail strongly hetero- cercal ; caudal fin obliquely truncated posteriorly. Scales smooth and punctate. Thursius macrolepidotus (Sedgwick & Murchison),"		9234928a487f03f740c5ead7ff669b96329e1c0a	https://www.biodiversitylibrary.org/itempdf/125733	"425,75.86,219.41,143.39,9.25;425,21.89,235.64,254.35,9.11;425,12.24,246.74,262.11,9.11;425,12.67,257.98,260.97,9.25;425,12.53,269.16,49.38,8.97;425,31.25,298.86,220.89,9.11"
doc0059	cite0452	Raw_Reference	"Shammos (c. //.), beadle. GLOSSARY. 563"		ff075097bacb7dbd0e1b61494fe82459c98a5d40	https://archive.org/download/childrenofghetto00zang/childrenofghetto00zang_bw.pdf	"574,146.86,419.33,81.87,5.78;575,112.93,30.28,45.78,6.66;575,243.10,31.05,12.03,5.25"
doc0076	cite0453	Raw_Reference	"Jerusalem Siluam, Meyers 124 (E);"		044dfb18bfa94bc5643783f6a44c671fe09ac597	https://repository.naturalis.nl/pub/534974/MBMHU1962188001001.pdf	"140,153.57,191.82,129.19,4.87"
doc0013	cite0454	Raw_Reference	P. 6231. Fragmentary specimen. Purchased.		9234928a487f03f740c5ead7ff669b96329e1c0a	https://www.biodiversitylibrary.org/itempdf/125733	"152,65.09,430.37,124.29,9.11;152,284.69,430.37,37.30,9.11"
doc0023	cite0455	Raw_Reference	"System of Positive Polity, IV, s71."		9d7a870c061da41b94c24ceb6360386d011b99e0	https://muse.jhu.edu/book/67900/pdf	"403,56.30,398.47,145.25,12.78"
doc0084	cite0456	Raw_Reference	"Manuel Castells. 1997. The power of identity. Malden, Mass.: Blackwell."		0ca1f16b7bf5e5f36d9d8c84d5351fc88fd8a14f	https://pure.uva.nl/ws/files/1255957/157686_de_Lange.pdf	"10,79.08,393.12,303.47,10.16"
doc0084	cite0457	Raw_Reference	"Manuel Castells, Mireia Fernandez-Ardevol, Jack Linchuan Qiu, and Araba Sey. 2004. The mobile communication society: ""A cross-cultural analysis of available evidence on the social uses of wireless communication technology,"" Annenberg Research Network on International Communication, University of Southern California, at http://arnic.info/workshop04/MCS.pdf, accessed 5 November 2013. Lieven de Cauter, 2004. The capsular civilization: On the city in the age of fear. Rotterdam: NAi Publishers. Michele Chang and Elizabeth Goodman, 2006. ""Asphalt games: Enacting place through locative media,"" Leonardo, volume 14, number 3, at http://www.leoalmanac.org/wp-content/uploads/2012/07 /Asphalt-Games-Enacting-Place-Through-Locative-Media-Vol-14-No-3-July-2006-Leonardo-Electronic- Almanac.pdf, accessed 5 November 2013."		0ca1f16b7bf5e5f36d9d8c84d5351fc88fd8a14f	https://pure.uva.nl/ws/files/1255957/157686_de_Lange.pdf	"10,79.08,441.42,410.68,10.16;10,79.08,451.92,428.81,10.16;10,79.08,462.42,435.96,10.16;10,79.08,472.92,397.47,10.16;10,79.08,491.82,406.35,10.16;10,79.08,502.32,45.89,10.16;10,79.08,521.22,403.02,10.16;10,79.08,531.72,433.92,10.16;10,79.08,542.22,432.30,10.16;10,79.08,552.72,178.21,10.16"
doc0060	cite0458	Raw_Reference	"Bernhofen, Daniel M., Markus Eberhardt, Jianan Li and Stephen L. Morgan (2016), ""Assessing market disintegration in early modern China and Europe"", CEPR Discussion Paper No. 11288, http://cepr.org/active/publications/discussion_papers/dp.php?dpno=11288."		f2d44fdc9c0dcd5fc9f420b6ddbc3e5e4f0a94f9	https://ora.ox.ac.uk/objects/uuid:1aa49524-f613-4668-a34b-8a7fcc485b74/download_file?safe_filename=155aprilbroadberry.pdf&file_format=pdf&type_of_work=Working+paper	"59,72.02,74.88,402.77,10.54;59,108.02,88.50,368.55,10.72;59,108.02,102.48,139.64,10.54;59,108.02,116.28,358.52,10.54"
doc0013	cite0459	Raw_Reference	"| 556 Amblypterus (cov7.). nemopterus, 495. obliquus, 440. olfersi, 448. : opisthopterus, 440. orientalis, 448. ornatus, Emmons, 448. ornatus, Giebel, 512. portlocki, 499. punctatus, 434, 495. reussi, 445. rohanni, 440. striatus, 491. tenuicauda, 440. traquairi, 439. tuberculatus, 448. voltzi, 446. wratislaviensis, 440. Amia ? lewesiensis, 416."		9234928a487f03f740c5ead7ff669b96329e1c0a	https://www.biodiversitylibrary.org/itempdf/125733	"608,2.88,276.27,4.92,12.75;608,104.69,35.46,11.59,8.69;608,104.98,53.86,77.55,7.85;608,112.75,61.72,53.36,7.85;608,112.90,69.85,43.58,7.71;608,113.04,78.02,35.84,7.01;608,165.60,78.02,0.46,7.01;608,112.90,84.97,59.80,7.85;608,112.75,93.87,46.16,6.73;608,113.33,101.36,62.46,6.87;608,120.82,108.86,11.39,7.29;608,113.33,117.11,65.28,6.87;608,113.33,123.78,45.64,7.99;608,113.33,132.69,63.68,6.87;608,112.90,140.38,35.10,6.87;608,113.47,148.08,42.08,7.01;608,113.33,156.00,40.19,6.87;608,113.33,163.79,51.41,6.87;608,113.33,171.07,45.35,7.43;608,113.18,179.61,56.44,6.59;608,113.04,186.76,34.88,7.29;608,113.47,195.09,63.58,6.73;608,106.13,202.95,75.59,6.73"
doc0048	cite0460	Raw_Reference	"Husenbeth, ""Emblems of Saints"" ii. 266 ftn. Huzley, *' Collected Essays"" i. 156 ""Evolution and Ethics"" i, 110, 111, 112"		66322e6103e0d8944be90aeb86f883f0e09d0797	https://www.biodiversitylibrary.org/itempdf/58316	"469,210.60,565.87,160.33,9.01;469,220.32,576.10,11.91,8.01;469,210.60,584.81,137.71,9.01;469,220.68,595.56,150.43,8.01;469,230.22,603.90,11.35,9.01"
doc0015	cite0461	Raw_Reference	"Frankel, Jeffrey, 1986, ""Comments on Overshooting, Agricultural Commodity Markets, and Public Policy,"" American Journal of Agricultural Economics, 68, no. 2, May."		82f4a130c2b3246a2d85b1ab14ba94176a6bfa28	https://doi.org/10.3386/w3539	"93,144.00,448.81,408.24,8.49;93,144.00,458.24,407.16,9.20;93,144.00,469.76,243.36,8.17"
doc0039	cite0462	Raw_Reference	"Llopis Agelán, E., García-Hiernaux, A., García Montero, H., González Mariscal, M., Hernández García, R., 2009. Índices de precios de tres ciudades espa ñolas 1680-1800. América Latina en la historia económica, Palencia, Madrid y Sevilla, pp. 29-80."		46f850501453cf9d318a1f3535019097cebf833c	https://recyt.fecyt.es/index.php/IHE/article/download/70523/42670	"12,301.41,400.45,251.56,6.02;12,313.37,408.36,239.59,6.08;12,313.37,416.39,239.60,6.02;12,313.37,424.36,31.88,6.02"
doc0013	cite0463	Raw_Reference	"Platysomus declivus, J. Morris (ex Agassiz, MS.), Cat. Brit. Foss. ed. 2, p. 339 (name only). [ Distorted Lae: Erik Museum. | 1867. Eurynotus fimbriatus, R. H. Traquair, Trains Roy. Soc, Edinb. vol. xxiv. p. 710, pl. xlv. figs. 8, 9."		9234928a487f03f740c5ead7ff669b96329e1c0a	https://www.biodiversitylibrary.org/itempdf/125733	"581,40.14,226.55,241.44,8.41;581,43.63,236.30,226.72,8.41;581,27.50,246.17,253.06,8.41;581,43.63,255.83,123.73,8.41"
doc0069	cite0464	Raw_Reference	"Thorn, B.G. (ed.) 1984 Coastal Geomorphology in Australia. Sydney: Academic Press."		89904c6229d76cccd8c5c11b217d07c6e2d7a245	https://researchonline.jcu.edu.au/18556/1/lilley%26ulm_1995_aa.pdf	"5,331.80,502.17,242.39,11.17;5,353.16,512.97,94.24,10.58"
doc0085	cite0465	Raw_Reference	"Schulz, R., 20, 25, 28, 61"		178465ceb2817bf3263231cd64da4b1f547f9eb9	https://www.biodiversitylibrary.org/itempdf/31040	"442,41.58,464.36,85.19,7.53"
doc0048	cite0466	Raw_Reference	"Saints, female ii. 122"		66322e6103e0d8944be90aeb86f883f0e09d0797	https://www.biodiversitylibrary.org/itempdf/58316	"473,207.72,632.70,82.15,8.01"
doc0045	cite0467	Raw_Reference	"Reginald H. Fuller, The Formation of the Resurrection Narratives (Philadelphia: For- tress Press, rev. edn, 1980);"		252629afe9ff9ab4db39ffff53182ab92f94b692	https://digitalcommons.liberty.edu/cgi/viewcontent.cgi?article=1008&context=sor_fac_pubs	"6,54.52,310.97,308.19,8.10;6,37.44,322.01,92.92,8.10"
doc0029	cite0468	Raw_Reference	"Stein, Gertrude: on event, 82-83;"		da046592a514d3b052da34aa79a06766dbb89171	https://muse.jhu.edu/book/72311/pdf	"223,46.00,429.53,127.02,8.99"
doc0086	cite0469	Raw_Reference	Immunocytochemical Studies of the Retina Ann H. Milam ........................................................................................ 71		2e850cef8f79ac778256e6727bd2a846c54e471d	https://link.springer.com/content/pdf/bfm%3A978-1-59259-085-8%2F1	"7,56.68,309.35,194.94,9.25;7,56.68,322.15,327.10,9.46"
doc0012	cite0470	Raw_Reference	"Keevill, J.J., Medicine and the Navy 1200-1900 (four vols.) I (1200-1649), (London, 1957) I, 10. Zorn, E., 'Schiffärtzmedizin im Wandel der Zeiten', Medizinische Klinik 69 (1974), 530. Keevill, Medicine and the Navy 1200-1900 I, 85-85. According to J. Duffin, the first quarantine can be traced to the town of Ragusa (now Dubrovnik) in 1377. J. Duffin, History of Medicine: A Scandalously Short Introduction (Toronto, 2001), 142. Keevil, Medicine and the Navy 1200-1900 I , 20. Ibid., 25."		ea4c843fe045e40e11e3f9ef53da2177be6d5e3a	https://scholarlypublications.universiteitleiden.nl/access/item%3A2723076/view	"348,77.92,239.37,308.97,8.87;348,77.91,249.70,9.80,8.39;348,77.91,259.70,301.81,8.53;348,77.91,269.37,308.99,8.86;348,77.92,279.70,308.97,8.39;348,77.92,289.70,258.81,8.53;348,77.92,299.36,160.53,8.87;348,77.92,309.70,30.67,8.39"
doc0023	cite0471	Raw_Reference	"Tegg art, Frederick J. The Idea of Progress, A Collection of Readings. Berke ley: University of Cali forni a, 1949."		9d7a870c061da41b94c24ceb6360386d011b99e0	https://muse.jhu.edu/book/67900/pdf	"548,47.16,389.89,336.37,12.60;548,55.14,400.31,126.00,12.60"
doc0013	cite0472	Raw_Reference	"Dendrodus biporcatus, R. Owen, Microscopic Journal, vol. i. p. 5, woode. figs. 1, 2, p. 19, woode. fig. 5."		9234928a487f03f740c5ead7ff669b96329e1c0a	https://www.biodiversitylibrary.org/itempdf/125733	"390,85.82,136.03,241.68,8.55;390,90.29,146.21,151.50,8.55"
doc0062	cite0473	Raw_Reference	"BROWN, JONATHAN 1979 A Socioeconomic History of Argentina, 1776-1860. Cambridge: Cambridge University Press. 1986 ""The Bondage of Old Habits in Nineteenth-Century Argentina."" LARR 21, no. 2:3-31."		c975be90d1f3ddc0b0fec1f3f2c59122bfdb809a	https://www.cambridge.org/core/services/aop-cambridge-core/content/view/7C806D875D4B22EE497EA8A6B69D7B51/S0023879100017544a.pdf/div-class-title-rural-history-of-the-rio-de-la-plata-1600-1850-results-of-a-historiographical-renaissance-div.pdf	"24,52.65,210.64,63.77,5.50;24,60.81,216.00,316.26,10.09;24,60.68,226.85,316.40,7.72"
doc0034	cite0474	Raw_Reference	"Maret, P. 1984. L'archeologie en zone bantu jusq'en 1984. Muntu (Libreville), 1: 37-60."		ddf834d24b5d6674de9a29f6de7686da2e9b0aed	https://ora.ox.ac.uk/objects/uuid:109c9470-855f-4696-906d-61ae770e217b/download_file?safe_filename=602354790.pdf&file_format=application%2Fpdf&type_of_work=Thesis	"271,112.86,308.97,398.12,15.21;271,528.29,311.02,35.29,13.52;271,581.56,311.28,38.41,13.52;271,114.41,332.74,175.91,14.17"
doc0087	cite0475	Raw_Reference	"Bigsten, A. (1986). Welfare and Economic Growth in Kenya, 1914-76. World Development 14(9): 1151-1160."		23e3d40f08da1162e638f289a069b9489dc48158	https://ora.ox.ac.uk/objects/uuid:405be254-026c-4082-8100-e0d1febddce1/download_file?safe_filename=2008-04text.pdf&file_format=pdf&type_of_work=Working+paper	"34,89.89,248.01,394.09,9.02;34,125.90,259.81,45.88,8.74"
doc0037	cite0476	Raw_Reference	G. Rankln-Taylor* (Glasgow* 1952)* p. 12.		2dad2a52dd10a6d7e9c171fe5f5c0d737b96e1f9	http://theses.gla.ac.uk/73782/1/10662308.pdf	"162,89.60,271.77,119.05,8.84;162,109.20,295.57,136.45,8.84"
doc0088	cite0477	FootNote	"Corrections for shrinking due to aging however lead to mitigate these spectacular comparisons, see thereafter."		cd18a76b905d8571368dab478deef284a1b47226	https://basepub.dauphine.psl.eu/bitstream/123456789/4300/1/2009-12.pdf	"162,89.60,271.77,119.05,8.84;162,109.20,295.57,136.45,8.84"
doc0081	cite0478	Raw_Reference	Masonry Arches . . . . . . . . . . . . . . . . . . . . . . . . . . . . . . . . . . . . . . . . . 145 3.1 Definitions and History . . . . . . . . . . . . . . . . . . . . . . . . . . . . . . . 145 3.2 Birth of Statics of the Arch . . . . . . . . . . . . . . . . . . . . . . . . . . . . 150 3.2.1 The Suspended Chain . . . . . . . . . . . . . . . . . . . . . . . . . . 152 3.2.2 The Progress of Statics of the Arch . . . . . . . . . . . . . . . 156		5ccf71ebbabfdf4a494e8465bdbf6c892529e922	https://link.springer.com/content/pdf/bfm:978-3-319-54738-1/1?pdf=chapter%20toc	"14,73.99,389.50,311.50,8.89;14,74.27,401.59,311.22,8.76;14,74.27,413.56,311.22,8.76;14,101.76,425.52,283.72,8.76;14,101.76,437.48,283.72,8.76"
doc0013	cite0479	Raw_Reference	"P. 3083-4. Small right mandibular tooth, and one of the left side very small. Enniskillen Coll."		9234928a487f03f740c5ead7ff669b96329e1c0a	https://www.biodiversitylibrary.org/itempdf/125733	"126,52.13,439.27,259.78,8.69;126,90.29,449.55,39.59,9.11;126,250.27,449.55,61.34,9.11"
doc0089	cite0480	Raw_Reference	"Huber, Ernst. Deutsche Verfassungsgeschichte. Vol. 2. Der Kampf um Einheit und Freiheit 1830 bis 1850. 2nd edn. Stuttgart: Kohlhammer, 1968."		6d1d01fd8e3650b01702c29a6eba7f926d597f9e	https://epub.ub.uni-muenchen.de/15926/1/economic_crises.pdf	"31,132.05,473.18,348.09,8.86;31,150.05,484.82,215.04,8.86"
doc0026	cite0481	Raw_Reference	"""Officer Wins Suit to Secure Home,"" Philadelphia Tribune, 3 July 1943, p. 3."		1d02f6e3afa598003e4030f956e57e8feb7d6020	https://repository.upenn.edu/cgi/viewcontent.cgi?article=1007&context=cplan_papers	"23,145.41,506.46,280.77,6.99"
doc0023	cite0482	Raw_Reference	"Benrubi, Isaac, 375 n. 13, 376 n.21"		9d7a870c061da41b94c24ceb6360386d011b99e0	https://muse.jhu.edu/book/67900/pdf	"551,228.85,123.45,130.94,11.13"
doc0076	cite0483	Raw_Reference	"Vandas, C., 1909. Reliquiae Formanekianae. enum. crit. pi. vas. itin. in Haemmo peninsula et Asia Minor. Dr. Formanek."		044dfb18bfa94bc5643783f6a44c671fe09ac597	https://repository.naturalis.nl/pub/534974/MBMHU1962188001001.pdf	"190,58.00,155.82,318.00,5.71;190,100.00,163.82,149.38,5.71"
doc0012	cite0484	Raw_Reference	"Watt, J., 'Some forgotten contributions of naval surgeons', Journal of the Royal Society of Medicine 78 (1985) 753. Also, with Henry VIII, bigger warships were built in which more men were packed for ever-increasing periods. As a result, epidemics on board became commonplace (Keevil, Medicine and the Navy 1200-1900 I, 60-61)."		ea4c843fe045e40e11e3f9ef53da2177be6d5e3a	https://scholarlypublications.universiteitleiden.nl/access/item%3A2723076/view	"349,72.25,230.65,308.99,8.53;349,72.25,240.65,308.93,8.53;349,72.25,250.65,308.93,8.39;349,72.25,260.31,225.79,8.87"
doc0090	cite0485	Raw_Reference	"Krqruì/ E1 H1 dqg H1 N|uld}lgrx +4<<<,= Hvwlpdwlrq ri WrelwW|sh Prghov zlwk Lqglylgxdo Vshflf Hhfwv/ Hfrqrphwulf Uhylhzv +iruwkfrplqj,1"		97044e7ddd8f91d17d86a3ac6d7443cf0d1be157	https://www.cemfi.es/ftp/wp/0016.pdf	"84,92.28,150.84,440.88,12.00;84,115.68,172.44,332.98,12.00"
doc0041	cite0486	Raw_Reference	"Rudolph, W. (1959), 'Einige hypothetische Ausfuhmngen zur Kultur der Kurden', Sociologus 9: 150-162. (1967), 'Grundziige sozialer Organisation bei den west- iranischen Kurden, Sociologus 17/1: 19-39."		3689f080db2243c81a36d6969b8ec27e666038a1	https://dspace.library.uu.nl/bitstream/handle/1874/420970/ASS_Zed.pdf?sequence=1&isAllowed=y	"367,19.68,527.16,309.12,5.84;367,30.72,538.44,154.56,5.84;368,61.44,47.70,276.48,5.34;368,39.84,58.98,185.04,5.34"
doc0037	cite0487	Raw_Reference	"I.D.L. Clark, ""From Protest to Reactions the Moderate Regime in the Ohureh of Scotland, 1725-1805"", in M. T.Phillipeon and R. Mitohison, (Edinburgh, 1970), Chapter 9, p. 200-224."		2dad2a52dd10a6d7e9c171fe5f5c0d737b96e1f9	http://theses.gla.ac.uk/73782/1/10662308.pdf	"130,88.40,271.22,250.50,9.68;130,356.95,272.17,126.45,8.42;130,106.00,295.87,354.25,8.42;130,105.30,319.47,77.00,8.42;130,407.90,319.47,105.60,8.42;130,105.50,343.57,131.10,8.42"
doc0019	cite0488	Raw_Reference	"Open Society Institute (2002): Judicial Capacity. EUMAP Report, Budapest: Open Society Institute."		f1eac2ce1c6e174fc13b0f35a8a4f5e0b1171749	https://www.econstor.eu/bitstream/10419/51555/1/670504882.pdf	"46,85.08,612.21,402.57,10.48"
doc0041	cite0489	Raw_Reference	"Said Beg, of Gurkel, 178"		3689f080db2243c81a36d6969b8ec27e666038a1	https://dspace.library.uu.nl/bitstream/handle/1874/420970/ASS_Zed.pdf?sequence=1&isAllowed=y	"380,188.64,98.71,85.92,4.34"
doc0049	cite0490	Raw_Reference	"L (1996) nu Union of [)nneuP' wilh bus. Agricu1ru~and Polilia in Mothm Syria. Unpublished Ph.D thesis, Centre for Middle Eastern and Islamic Srudies. University of Durham."		85f4821233b2ab923d57b7a02d67725e940f58db	http://dro.dur.ac.uk/5787/1/5787.pdf	"24,372.90,226.39,200.36,12.76;24,318.44,240.64,255.69,10.44;24,319.35,252.73,254.84,9.54;24,319.21,264.81,143.86,9.54"
doc0078	cite0491	FootNote	"in items such as cart, port* beard, fur.This brief characterisation of Bin phonology leaves"		b98c7a55f886029c7a8e48fa36f289b4dcd29798	https://era.ed.ac.uk/bitstream/1842/16333/1/TrudgillPJ_1971_redux.pdf	"24,372.90,226.39,200.36,12.76;24,318.44,240.64,255.69,10.44;24,319.35,252.73,254.84,9.54;24,319.21,264.81,143.86,9.54"
doc0060	cite0492	Raw_Reference	"Craig, John (1953), The Mint: a history of the London Mint from A.D. 287 to 1948, Cambridge: Cambridge University Press."		f2d44fdc9c0dcd5fc9f420b6ddbc3e5e4f0a94f9	https://ora.ox.ac.uk/objects/uuid:1aa49524-f613-4668-a34b-8a7fcc485b74/download_file?safe_filename=155aprilbroadberry.pdf&file_format=pdf&type_of_work=Working+paper	"59,72.02,544.13,451.28,10.54;59,108.02,557.93,197.97,10.54"
doc0036	cite0493	Raw_Reference	"The map in Figure 1 shows the neighborhood boundaries; these population and housing data are from the census tract boundaries, which are slightly narrower, with Mississippi and Albina Avenues on the west, and Northeast 15th Avenue on the east. Only a tiny portion of Vernon is in the study area, and, therefore, it is not mentioned in the article."		d947d29ae335f442356929224a484501d0f571f5	https://pdxscholar.library.pdx.edu/cgi/viewcontent.cgi?article=1289&context=usp_fac	"21,93.75,672.32,200.24,8.75;21,72.00,684.32,221.99,8.75;21,72.00,696.32,222.00,8.75;21,72.00,708.32,221.99,8.75;21,318.00,72.32,221.99,8.75;21,318.00,84.32,221.99,8.75;21,318.00,96.32,98.13,8.75"
doc0013	cite0494	Raw_Reference	"Cosmacanthus carinatus, J. W. Davis, Trans. Roy. Dublin Soc. [2] vol. i. p. 356, pl. xlviii. fig. 4."		9234928a487f03f740c5ead7ff669b96329e1c0a	https://www.biodiversitylibrary.org/itempdf/125733	"164,73.47,168.85,238.43,8.69;164,77.33,178.69,118.25,8.69"
doc0091	cite0495	Raw_Reference	"Claire Walsh, ""Shops, Shopping and the Art of Decision Making in Eigh- teenth-Century England,"" 151-78; and Ann Smart Martin, ""Ribbons of Desire: Gendered Stories in the World of Goods,"" 179-200, all in Vickery and Styles, Gender, Taste, and Material Culture. 57 Conversely, shopping and other forms of purchase include not only ""voluntary"" features."		d05d93a7ce5edcfb067ac8cd527015eb8ef4cfdd	https://pure.manchester.ac.uk/ws/files/22292638/POST-PEER-REVIEW-PUBLISHERS.PDF	"13,225.72,636.02,252.81,7.38;13,131.74,645.99,346.80,7.38;13,131.74,655.95,327.35,7.38;13,139.71,665.16,5.36,4.06;13,147.13,665.91,305.37,7.38"
doc0092	cite0496	Raw_Reference	"Fransson, G., Holmberg, J., Lindberg, O. J., & Olofsson, A. D. (2019). Oxford Review of Education Digitalise and capitalise ? Teachers ' self-understanding in 21st-century teaching contexts. Oxford Review of Education, 45(1), 102-118. https://doi.org/10.1080 /03054985.2018.1500357"		567f712dea4692be77f7e0beb8f3b9ce9eb3f920	https://journal.iainkudus.ac.id/index.php/QIJIS/article/download/4900/pdf	"19,70.87,301.59,311.83,10.09;19,94.87,315.09,287.82,11.19;19,94.87,328.59,287.81,10.41;19,94.87,342.09,287.83,10.41;19,94.87,355.59,125.69,10.09"
doc0048	cite0497	Raw_Reference	"Smith, Toulmin, 'English Guilds"" ii. 365 ftn., 405 ftn. Socialism and Natural Selection i, 108- 109 Son ii. 221"		66322e6103e0d8944be90aeb86f883f0e09d0797	https://www.biodiversitylibrary.org/itempdf/58316	"474,245.70,200.08,165.32,9.01;474,255.78,209.96,67.48,9.01;474,246.06,219.79,162.65,9.01;474,255.96,229.50,11.59,9.01;474,245.70,239.22,41.29,9.01"
doc0093	cite0498	Raw_Reference	"Smith, N. S., K. Knabb, C. DeFanti, P. Weber, J. Schulze, A. Prud- homme, F. Kuester, T. Levy, and T. DeFanti. 2013. ArtifactVis2: Managing Real-Time Archaeological Data in Immersive 3D En- vironments. Proceedings of IEEE 19th Int'l Conference on Virtual Systems and Multimedia (VSMM 2013)."		3139fcafc089924315cb8774abf7222f5fe0a914	https://repository.kaust.edu.sa/bitstream/10754/566073/1/Articlefile1.pdf	"6,309.00,591.18,232.24,9.10;6,327.00,603.18,224.64,9.10;6,327.00,615.18,229.48,9.10;6,327.00,627.18,228.71,9.10;6,327.00,639.18,141.70,9.10"
doc0022	cite0499	Raw_Reference	"Du, Fangqin. 2001. ""'Manoeuvring Fate' and 'Following the Call': Develop- ment and Prospects of Women's Studies."" In Ping-chun Hsiung, Jaschok, and Milwertz 2001, 237-49."		d56e982ec9de8ffa22fae2c63d4f0e42979202f5	https://escholarship.org/content/qt12h450zf/qt12h450zf.pdf?t=krz5v9	"137,53.98,141.14,306.00,8.84;137,65.98,152.64,293.70,8.84;137,65.98,164.14,109.32,8.84"
doc0013	cite0500	Raw_Reference	"?) Palatine tooth with the posterior inner tritor of large size, and the 'median tritor not extending further forwards than this ; outer tritor much elongated and extending far forwards. -Form. & Loc. Kimmeridge Clay: Boulogne, N. France. 32416. Left mandibular tooth, probably referred to by Sauvage, op. cit. p. 74. Purchased, 1857."		9234928a487f03f740c5ead7ff669b96329e1c0a	https://www.biodiversitylibrary.org/itempdf/125733	"115,24.55,55.98,259.45,8.83;115,18.86,67.20,264.98,8.55;115,21.17,78.47,170.22,8.83;115,22.90,88.89,221.27,9.25;115,21.31,106.84,262.01,8.55;115,59.47,117.08,48.26,9.39;115,220.61,117.08,63.05,9.39"
doc0048	cite0501	Raw_Reference	"INDEX II Salisbury Hours ii. 266 ftn. Salisbury, Lord i. 144-187, 218, 383- 386"		66322e6103e0d8944be90aeb86f883f0e09d0797	https://www.biodiversitylibrary.org/itempdf/58316	"474,207.90,42.11,57.69,10.01;474,65.34,74.43,110.80,9.01;474,65.52,84.19,162.52,9.01;474,75.78,94.23,11.71,9.01"
doc0012	cite0502	Raw_Reference	"Van der Chijs, Nederlandsch-Indisch Plakaatboek, XI: 27.8.1779."		ea4c843fe045e40e11e3f9ef53da2177be6d5e3a	https://scholarlypublications.universiteitleiden.nl/access/item%3A2723076/view	"361,72.26,120.19,218.66,8.53"
doc0013	cite0503	Raw_Reference	"Type specimen, figured by Agassiz, tom. cit. pl. xl. a. figs. 3, 4, and by Newton, op. cit. pl. i. figs. 1, 2; Chalk Marl, Hamsey, Sussex. Maniell Coll."		9234928a487f03f740c5ead7ff669b96329e1c0a	https://www.biodiversitylibrary.org/itempdf/125733	"130,73.81,193.05,242.31,8.97;130,92.74,203.78,221.35,9.11;130,92.74,214.90,61.01,9.11;130,265.97,214.90,48.27,9.11"
doc0012	cite0504	Raw_Reference	"McFee, W., The Law of the Sea (London, s.a.)"		ea4c843fe045e40e11e3f9ef53da2177be6d5e3a	https://scholarlypublications.universiteitleiden.nl/access/item%3A2723076/view	"330,60.92,262.90,183.55,9.95"
doc0023	cite0505	Raw_Reference	"Leon, Xa vier. Fichte et son temps. 2 vols. , of which the sec on d has two parts. Pa ris: Colin, 1922-27."		9d7a870c061da41b94c24ceb6360386d011b99e0	https://muse.jhu.edu/book/67900/pdf	"543,45.68,285.37,338.40,12.60;543,57.60,295.51,90.90,12.77"
doc0085	cite0506	Raw_Reference	"Jounson, H. B. 1926. A further contribution to our knowledge of the bionom- ics and control of the migratory locust, Schistocerca gregaria, in the Sudan. Bull. Ent. Sect. Wellcome Trop. Res. Lab. 22:1-14."		178465ceb2817bf3263231cd64da4b1f547f9eb9	https://www.biodiversitylibrary.org/itempdf/31040	"401,20.88,94.98,293.76,8.23;401,31.86,105.82,282.71,8.06;401,32.04,116.67,187.56,8.06"
doc0032	cite0507	Raw_Reference	"J. R. Bloch, L'anoblissement au temps de Francois I er , (Paris, 1934)."		07960b0a69e7d22b239cbd1228a8585e3d361236	https://muse.jhu.edu/book/72156/pdf	"211,70.92,121.16,255.50,10.66"
doc0013	cite0508	Raw_Reference	"Asterolepis minor, L. Agassiz, ibid. (1845), pp. 94, 147, pl. xxviii. a. fig. A (in part), pl. xxx. fig. 11, pl. xxxi.a. figs. 29, 30: Asterolepis miliaris, L, Agassiz, ibid. p. 61: Chelonichthys"		9234928a487f03f740c5ead7ff669b96329e1c0a	https://www.biodiversitylibrary.org/itempdf/125733	"259,46.94,477.46,252.86,9.11;259,75.89,488.89,222.74,8.83;259,75.31,499.87,223.35,8.69"
doc0094	cite0509	Raw_Reference	"N. Mills, 'Luni: settlement and landscape in the Ager Lunensis', in G. Barker and R. Hodges (cds), Papers in Italian Archaeology 2 (1981),261-8"		3331aba3103e19b53e4a83cb8785af84e84122c5	http://dro.dur.ac.uk/3705/1/3705.pdf	"10,63.15,168.16,579.86,8.01"
doc0078	cite0510	Raw_Reference	"See IC.B. Mayer, on. eft., Chapters 3 and 5,"		b98c7a55f886029c7a8e48fa36f289b4dcd29798	https://era.ed.ac.uk/bitstream/1842/16333/1/TrudgillPJ_1971_redux.pdf	"587,83.39,87.92,6.11,8.93;587,114.48,89.15,317.54,9.83"
doc0042	cite0511	Raw_Reference	"Schafer, E. H. 1963 The Golden Peaches of Samarkand. Berkeley: University of California Press."		e2fdab6d844971683e03b50fe9efe3c058a3e9d9	https://library.oapen.org/bitstream/20.500.12657/41852/1/9780472901722.pdf	"324,52.89,317.81,74.04,10.80;324,68.61,334.49,22.10,10.80;324,112.77,334.49,230.66,10.80;324,112.06,346.13,155.65,10.80"
doc0006	cite0512	Raw_Reference	"Resat Kasaba, ""Kurds in Turkey: A Nationalist Movement in the Making,"" in Ethnopolitical Warfare: Causes, Consequences, and Possible Solu- tions, ed. Daniel Chirot and Martin E. P. Seligman (Washington, D.C.: Ameri- can Psychological Association, 2001), 164-77."		d6a9b486f833a3db09298ea76f05ee3cb476c8f5	https://library.oapen.org/bitstream/20.500.12657/51086/1/external_content.pdf	"228,120.61,397.00,260.35,9.00;228,72.00,409.00,309.02,9.00;228,72.00,421.00,308.96,9.00;228,72.00,433.00,177.42,9.00"
doc0048	cite0513	Raw_Reference	"Schiltberger, '' Reisebuch "" ii. 105 ftn. Schneller ii. 100, 146, 192, 208, 322 ftn., 381 ftn. ""Carmina Burana""' ii. 305 ftn."		66322e6103e0d8944be90aeb86f883f0e09d0797	https://www.biodiversitylibrary.org/itempdf/58316	"474,65.34,220.04,150.69,9.01;474,65.34,229.89,163.46,9.01;474,84.78,239.86,29.68,9.01;474,75.06,249.46,124.07,9.01"
doc0023	cite0514	Raw_Reference	"Skinner, B. F. The Behavior of Organisms: An Experimental Analysis. New York: App leton-Cent ury-Cro ft s, 19 38."		9d7a870c061da41b94c24ceb6360386d011b99e0	https://muse.jhu.edu/book/67900/pdf	"548,47.28,46.43,336.22,12.60;548,57.49,56.59,127.96,12.60"
doc0012	cite0515	Raw_Reference	"Arnold, D. (ed.) Warm Climates and Western Medicine: The emergence of tropical medicine 1500-1900 (Amsterdam, 1996)."		ea4c843fe045e40e11e3f9ef53da2177be6d5e3a	https://scholarlypublications.universiteitleiden.nl/access/item%3A2723076/view	"319,55.25,169.63,325.96,9.95;319,69.42,182.57,155.60,10.34"
doc0023	cite0516	Raw_Reference	"---. Selected Works. Prepared by Marx-En ge ls-Lenin Instit ute, Mo scow . 2 vols . New York: Inte rn ational Publisher s, [n. d .]."		9d7a870c061da41b94c24ceb6360386d011b99e0	https://muse.jhu.edu/book/67900/pdf	"544,48.49,552.99,335.02,12.60;544,57.24,563.37,196.14,12.60"
doc0095	cite0517	Raw_Reference	Signoli M. Reflections on crisis burials related to past plague epidemics. Clin Microbiol Infect. 2012;18:218-23. http://dx.doi.org/10.1111/j.1469-0691.2012.03787.x		db3f8d5ef382a87b099a146bf15372d4634f1aef	https://wwwnc.cdc.gov/eid/article/24/1/pdfs/17-0477.pdf	"8,42.67,197.05,206.44,7.75;8,54.00,206.65,163.33,7.75;8,54.00,216.25,166.30,7.75"
doc0094	cite0518	Raw_Reference	"Terrenato, op. cit. (n. 25), 56-7. ... e.g. ad on as, easr of Cosa, F. Cambi, 'Appendice. La romanizazzione. Le zone della ricognizione. Zona A. Le Valli del Chiarone e del Tafone (Pescia Romana -Pescia Fiorelllina)', in Paesaggi d'Etrttria, 158-60. 60 Additional surveys for Umhria include G. Becatri, TlIder-Carslllae. Forma ltaliae 4 (1938);"		3331aba3103e19b53e4a83cb8785af84e84122c5	http://dro.dur.ac.uk/3705/1/3705.pdf	"18,247.37,486.09,108.26,6.84;18,59.84,494.97,383.50,6.84;18,56.86,503.95,341.71,7.02;18,59.69,513.07,334.44,7.02"
doc0012	cite0519	Raw_Reference	"Watt, J., 'The burns of seafarers under oars, sail and steam', Injury: the British Journal of Accident Surgery, Vol. 12, 1, 69-81."		ea4c843fe045e40e11e3f9ef53da2177be6d5e3a	https://scholarlypublications.universiteitleiden.nl/access/item%3A2723076/view	"338,60.92,302.87,325.98,9.95;338,75.09,316.19,175.58,9.95"
doc0048	cite0520	Raw_Reference	Kari the Great ii. 150; Cartulary of ii. 211 Kehrein ii. 200		66322e6103e0d8944be90aeb86f883f0e09d0797	https://www.biodiversitylibrary.org/itempdf/58316	"470,67.50,503.34,164.85,9.01;470,77.40,512.73,22.69,9.01;470,68.22,522.54,58.09,9.01"
doc0002	cite0521	Raw_Reference	"Legends, Houses, Families, and Myths: Relation- ships between Material Culture and American Ideology. In Documentary Archaeology • in tbe New World, ed. by Mary C. Beaudry, 5-19. Cam- bridge University Press, Cambridge. • 1988c Report on Preliminary Archaeological Testing at the Boardley Randall Sit~ in Annapolis, Maryland. Manuscript on file, Historic Annapolis, Inc., An- napolis, MD."	YES	2163f3963aa4bea92b2b7a4590a8ba6fbfe6c6e4	https://orb.binghamton.edu/cgi/viewcontent.cgi?article=1267&context=neha	"31,55.40,577.43,163.50,7.30;31,55.33,586.31,163.63,7.29;31,55.62,595.19,163.47,7.29;31,55.03,604.31,163.97,7.29;31,55.45,613.19,130.24,7.29;31,26.84,622.31,192.30,7.29;31,55.66,630.96,163.29,7.52;31,267.80,51.35,163.03,7.29;31,267.83,60.47,41.10,7.29"
doc0096	cite0522	Raw_Reference	"&# S. D. Amussen, An ordered society : gender and class in early modern England (Oxford, )."		0811b0d84d8032489894b4eae2dc539982cdcd36	https://ore.exeter.ac.uk/repository/bitstream/10036/3106/1/middle%20sort%20of%20people.pdf	"8,154.00,470.62,300.05,8.72"
doc0097	cite0523	Raw_Reference	"Feranec, J., Jaffrain, G., Soukup, T., Hazeu, G. 2010: Determining changes and flows in european landscapes 1990-2000 using CORINE land cover data. Applied geography 30-1. DOI: http://dx.doi.org/10.1016/ j.apgeog.2009.07.003"		cab563f5b9678561d9461de9f6471833ae24708e	https://ojs.zrc-sazu.si/ags/article/download/709/2016	"11,42.80,345.24,379.84,8.18;11,56.98,355.85,365.67,8.18;11,56.98,366.46,76.30,8.18"
doc0048	cite0524	Raw_Reference	"Shakespeare ii. 200, 207 Ship of Fools ii. 270"		66322e6103e0d8944be90aeb86f883f0e09d0797	https://www.biodiversitylibrary.org/itempdf/58316	"474,66.78,560.69,93.74,9.01;474,66.96,570.31,79.45,9.01"
doc0076	cite0525	Raw_Reference	"Weber, F., 1211 (18b)."		044dfb18bfa94bc5643783f6a44c671fe09ac597	https://repository.naturalis.nl/pub/534974/MBMHU1962188001001.pdf	"197,225.00,128.92,81.70,5.61"
doc0013	cite0526	Raw_Reference	"Syn. Polyplocodus, C. H. Pander, Saurodipt., Dendrodont. &c. devon. Syst. 1860, p. 28. Bones of fronto-ethmoidal shield fused into a single piece. Teeth rounded in section, with a large pulp-cavity. [Exposed portion of scales probably tuberculated. | Cricodus incurvus (Duff)."		9234928a487f03f740c5ead7ff669b96329e1c0a	https://www.biodiversitylibrary.org/itempdf/125733	"415,26.64,155.48,252.95,8.27;415,52.13,164.90,60.77,8.69;415,27.50,179.53,251.80,9.11;415,18.00,190.62,180.97,9.11;415,214.56,190.62,65.93,9.11;415,18.86,201.77,129.18,9.11;415,90.14,222.84,118.44,9.11"
doc0098	cite0527	Raw_Reference	"Malinowski, Mikołaj, and Jan Luiten van Zanden. ""Income and Its Distribution in Preindustrial Poland."" Cliometrica 11 (2017): 375-404."		7a0a64620b78d31a35ced0e3d9b3e8f9aa1975e6	https://www.cambridge.org/core/services/aop-cambridge-core/content/view/3FB21F575B6056CE6BCFF04C97FC1E49/S002205072200033Xa.pdf/div-class-title-economic-growth-in-germany-1500-1850-div.pdf	"35,69.00,365.16,347.99,9.69;35,89.00,377.11,223.03,9.69"
doc0052	cite0528	Raw_Reference	"Asirlarda Osmanli imparatorlugu'nda Hububat Meselesi ve Hububattan Alinan Vergiler (Istanbul: Istanbul Universitesi Iktisat Faktiltesi Yayln, 1964). For an example of the negative effects of famine and other natural disasters on agricultural life in the Manisa district in the mid-16th century, see Emecen, Manisa, 243-44. For a study of some cases of plague in 17th-century Anatolia, see R. J. Jennings, ""Plague in Trabzon and Reactions to It according to Local Judicial Registers,"" in Humanist and Scholar, 27-35. On later periods, see Daniel Panzac, Osmanli imparatorlugu'nda Veba (1700-1850), trans. Serap Yilmaz (Istanbul: Tarih Vakfi Yurt Yaymi, 1997). The destructive effects of drought and famine on crop patterns and daily lives of peasants in the 16th-and 17th-century Ottoman Empire are often referred to in local studies. For an example, see Yllmaz, ""Edremit,"" 88 ff. For a detailed chronological history of earthquakes in the Ottoman Empire, see N. N. Ambraseys and C. F. Finkel, The Seismicity of Turkey and Adjacent Areas: A Historical Review, 1500-1800 (Istanbul: Eren Yaylm, 1995). On the dramatic consequences of famine and epidemics in the same periods in Europe, see Cipolla, Before the Industrial Revolution, 128-34. 73For a lengthier discussion of this point, see my ""Changes,"" 203-204; idem, ""17. Yiizyll Demografi ve Iskan Tarihi Iqin Onemli Bir Kaynak"", 741-42; idem, ""Banditry, State and Economy: On the Financial Impact of the Celali Movement in Ottoman Anatolia,"" paper presented at the Ninth International Congress of Economic and Social History of Turkey, Dubrovnik, Croatia, 20-23 August 2001 (in press). 74Inalclk, ""Introduction,"" 30. 75Cipolla, Economic History of World Population, 82, 88-91, 97. 76Cipolla's argument may sound mechanistic and old-fashioned, reminding us of a certain philosophical understanding of socio-historical events, but as Todorova has rightly emphasized (sometimes contradicting herself in her own argument), demographic movements have their own working mechanisms, which have close and complex relationships with social and economic phenomena. I will discuss this point further in the context of neo-Malthusian approaches."		5eb1d4e52e359840554969bc6dfc3ae3bbdaa3a4	http://repository.bilkent.edu.tr/bitstream/11693/24291/1/Population%20changes%20in%20Ottoman%20Anatolia%20during%20the%2016th%20and%2017th%20centuries%20The%20demographic%20crisis%20reconsidered.pdf	"22,53.42,270.32,302.16,6.57;22,54.11,280.82,302.51,6.14;22,53.81,290.66,302.15,6.14;22,54.10,300.64,303.62,6.11;22,53.86,310.47,301.86,6.29;22,54.23,320.30,303.35,6.47;22,53.86,330.39,302.49,6.29;22,54.70,340.47,301.48,6.29;22,54.16,350.31,299.30,6.29;22,54.12,359.99,304.03,6.52;22,54.14,370.04,302.04,6.57;22,54.16,380.19,135.99,6.29;22,62.05,390.58,295.52,6.19;22,54.24,401.15,302.68,6.52;22,54.16,410.07,303.87,6.29;22,54.40,420.15,221.10,6.29;22,62.20,430.47,80.36,6.29;22,62.20,440.07,176.77,6.29;22,62.39,449.90,296.68,6.48;22,54.40,459.99,297.49,6.29;22,54.47,470.06,303.84,6.14;22,54.71,479.90,302.65,6.14;22,54.71,489.62,85.67,6.48"
doc0023	cite0529	Raw_Reference	"Macaulay, Thomas Babington [B aron . Macaulay ]. The Works of Lord Macaulay. ed . La dy Trevelyan . 8 vols . Lo ndon: Lo ngmans, Green, 1866 ."		9d7a870c061da41b94c24ceb6360386d011b99e0	https://muse.jhu.edu/book/67900/pdf	"544,49.21,160.43,334.23,12.60;544,57.14,170.69,248.82,12.60"
doc0085	cite0530	Raw_Reference	"KENDALL, W. C. 1902. Notes on the sticklebacks. [bid. 15:588."		178465ceb2817bf3263231cd64da4b1f547f9eb9	https://www.biodiversitylibrary.org/itempdf/31040	"402,42.48,52.80,247.85,8.23"
doc0099	cite0531	FootNote	https://doi.org/10.1017/S0020859000002212 Published online by Cambridge University Press		8c78916c77308e03f8cc4abc0cca9071c7f1337e	https://www.cambridge.org/core/services/aop-cambridge-core/content/view/9C62B38DBD23AF2BF1704518176D9410/S0020859000002212a.pdf/div-class-title-educational-pressure-groups-and-the-indoctrination-of-the-radical-ideology-of-solidarism-1895-1914-div.pdf	"402,42.48,52.80,247.85,8.23"
doc0023	cite0532	Raw_Reference	"Augustine, Saint, 53"		9d7a870c061da41b94c24ceb6360386d011b99e0	https://muse.jhu.edu/book/67900/pdf	"551,47.40,445.24,76.04,11.10"
doc0041	cite0533	Raw_Reference	"Bilal Efendi, Fahmi, 287, 297"		3689f080db2243c81a36d6969b8ec27e666038a1	https://dspace.library.uu.nl/bitstream/handle/1874/420970/ASS_Zed.pdf?sequence=1&isAllowed=y	"373,184.80,251.30,101.52,4.17"
doc0023	cite0534	Raw_Reference	"Hegel, G. W. F. Siimtliche Werke (Jubil aums Ausgabe) , ed. Hermann Glockner. 20 vols. Stuttgart: Frommans, 19 28. ---. Dissertatio philosophica de orbitis planetarum [1 801 ). In Siimtliche Werke, ed. G. La sson, I (Erste Druckschriften), 347-401. Le ipzi g: Meine r, 19 28. ---. The Phenomenology of Mind [1 80 7), trans. J. B. Baillie. Introduc tion by George Li chtheim. New York: Harper Torchbooks, 196 7. ---. Science of Logic [1 81 2], trans. W. H. Johnston and L. G. Struthers. 2 vols. New York: Macmillan, 19 29. ---. Logic (The Smaller Logic) [1 81 7), Translated from the Enzyclopiidie der philos. Wissenschaften im Grundrisse by William Wallace. 2nd ed. Oxford: Clarendon Press, 1892. ---. Philosophy of Mind [1 81 7), Translated fr om the Enzyclopiidie der philos. Wissenschaften im Grundrisse, with Five Introductory Essays, by William Wa l lace. Oxford: Clarendon Press, 1894. ---. Philosophy of Right [1 821], trans. T. M. Knox. Oxford: Clarendon Press, 195 2. ---. Lectures on the History of Philosophy [1 833-36 ), trans. E. S. Haldane and Fran ce s H. Simson. 3 vols. London and New York: Routledge & Kegan Paul, and Humanities Press, 1963. --. The Philosophy of History [1 83 7), trans. J. Sibree. New York: Dover, 1956. Helmholtz, Hermann. Helmholtz's Treatise on Physiological Optics [Handbuch der Physiologischen Optik, 1856 -66 ). 3 vols. Rochester: Optical Society of Amer ica, 19 24. ---. On the Sensations of Tone [Die Lehre von den Tonempfidungen als physiologischer Grundlage fur die Theorie der Musik, 1863 ). Lo ndon: Lo ng mans, Green, 1885 . Die Thatsachen in der Wahrnehmung. Berlin: Hirschwald, 1879. ---. Wissenschaftliche Abhandlungen. 3 vols. Le ipzig: Barth, 1882-95. ---. Popular Lectures on Scientific Subjects. 2 vols. Lo ndon: Lo ngmans, Green, 1884."		9d7a870c061da41b94c24ceb6360386d011b99e0	https://muse.jhu.edu/book/67900/pdf	"541,48.36,46.94,336.19,12.60;541,58.08,57.29,142.97,12.78;541,47.65,67.59,337.29,12.60;541,58.57,77.97,326.16,12.97;541,48.00,88.33,336.22,12.60;541,55.15,98.71,235.99,12.60;541,47.87,109.36,336.59,12.60;541,56.72,119.27,117.92,12.60;541,47.89,129.93,337.19,12.60;541,56.76,140.13,327.34,12.60;541,57.60,150.37,92.19,12.60;541,47.89,161.16,336.61,12.60;541,58.33,171.46,326.47,12.60;541,56.38,181.77,149.22,12.60;541,48.37,191.94,336.22,12.60;541,56.30,202.33,21.36,12.60;541,47.76,213.00,336.37,12.60;541,56.22,223.25,327.93,12.60;541,57.60,233.48,137.91,12.60;541,47.76,244.09,337.10,13.46;541,56.06,254.22,21.47,12.60;541,48.25,264.79,336.33,12.60;541,57.25,275.11,327.33,12.60;541,56.21,285.33,39.21,12.60;541,47.65,295.54,337.13,12.60;541,56.65,306.12,328.30,12.60;541,56.13,316.48,77.70,12.60;541,82.20,326.74,279.33,12.60;541,47.28,337.13,318.56,12.60;541,47.41,347.48,337.18,12.60;541,54.82,357.74,54.29,12.60"
doc0023	cite0535	Raw_Reference	"Morley, John. On Compromise [1874]."		9d7a870c061da41b94c24ceb6360386d011b99e0	https://muse.jhu.edu/book/67900/pdf	"546,49.09,66.40,155.51,12.60"
doc0085	cite0536	Raw_Reference	"Morrison, T. F. 1929. Observations on the synchronous flashing of fireflies in Siam. Science 69: 400-401."		178465ceb2817bf3263231cd64da4b1f547f9eb9	https://www.biodiversitylibrary.org/itempdf/31040	"406,44.46,215.25,299.23,8.23;406,55.62,226.75,97.66,8.06"
doc0076	cite0537	Raw_Reference	"Filinger, G. A.?, 238 (81)."		044dfb18bfa94bc5643783f6a44c671fe09ac597	https://repository.naturalis.nl/pub/534974/MBMHU1962188001001.pdf	"194,56.43,379.52,100.18,5.17"
doc0048	cite0538	FootNote	"Typical examples in Die drei Sprachen, Dat Erdminneken, and Der Vogel Greif."		66322e6103e0d8944be90aeb86f883f0e09d0797	https://www.biodiversitylibrary.org/itempdf/58316	"194,56.43,379.52,100.18,5.17"
doc0042	cite0539	Raw_Reference	"Grabar, O. 1967 Sasanian Silver. Ann Arbor: University of Michigan Museum of Art."		e2fdab6d844971683e03b50fe9efe3c058a3e9d9	https://library.oapen.org/bitstream/20.500.12657/41852/1/9780472901722.pdf	"306,54.19,175.71,54.96,10.80;306,69.55,192.51,21.94,10.80;306,112.63,192.51,260.57,10.80;306,112.88,203.67,77.53,10.80"
doc0041	cite0540	Raw_Reference	"Trimingham, J.S., 218, 219"		3689f080db2243c81a36d6969b8ec27e666038a1	https://dspace.library.uu.nl/bitstream/handle/1874/420970/ASS_Zed.pdf?sequence=1&isAllowed=y	"382,192.48,170.47,94.56,4.34"
doc0013	cite0541	FootNote	"The so-called Diplopterus macrocephalus is also supposed to be represented by fragments from the Russian Devonian by L. Agassiz, Poiss. Foss. V. G. R.(1845), p. 188, pl. xxxi.a. figs. 1-7, and E. von Eichwald, Leth. Rossica,   vol, i. (1860), p. 1556, pl. Ivi. fig. 5."		9234928a487f03f740c5ead7ff669b96329e1c0a	https://www.biodiversitylibrary.org/itempdf/125733	
doc0042	cite0542	Raw_Reference	VBG Verhandelingen van het Baraviaasch Genootschap van Kunsten en Wetenschappen. Bandung.		e2fdab6d844971683e03b50fe9efe3c058a3e9d9	https://library.oapen.org/bitstream/20.500.12657/41852/1/9780472901722.pdf	"291,54.07,303.97,22.58,9.90;291,105.79,303.97,264.77,9.90;291,106.51,316.21,188.09,9.90"
doc0023	cite0543	Raw_Reference	"This statement appears in his Third Observation on Proudhon in the Poverty of Philosophy, p. 93. In that observation he takes Proudhon to task for dislocating the limbs (Glieder) of the social system, and for overlooking the fact that in the structure of society ""all relations coexist simultaneously and support one another"" (p. 94) ."		9d7a870c061da41b94c24ceb6360386d011b99e0	https://muse.jhu.edu/book/67900/pdf	"460,60.11,523.25,324.36,12.60;460,48.06,533.51,336.14,12.78;460,48.31,544.03,335.91,12.78;460,48.48,554.10,335.97,12.58;460,48.61,564.17,83.42,12.58"
doc0024	cite0544	FootNote	-;		621f9cc507ce582a8ded18d7ad9f4d21f1a33b80	https://ttu-ir.tdl.org/bitstream/2346/47128/1/ttu_stc001_000031.pdf	"460,60.11,523.25,324.36,12.60;460,48.06,533.51,336.14,12.78;460,48.31,544.03,335.91,12.78;460,48.48,554.10,335.97,12.58;460,48.61,564.17,83.42,12.58"
doc0100	cite0545	Raw_Reference	"Stross, F.H., H.R. Bowman, H.v. Michel, F. Asaro, and N. Hammond 1978. Mayan obsidian source correlation for southern Belize artifacts. Archaeometry 20 (1): 89-93."		1608fbb4f6d4bd5f26f9aabd9de8084f1d6d033d	https://escholarship.org/content/qt6jp2h309/qt6jp2h309.pdf?t=mggpsd	"25,86.64,671.76,376.65,10.44;25,98.72,696.00,26.99,10.44;25,145.15,695.76,211.95,10.44;25,375.45,695.76,16.55,10.44;25,411.19,696.00,46.17,10.44;25,475.86,696.00,34.42,10.44;25,97.77,720.48,234.34,10.44"
doc0048	cite0546	Raw_Reference	"Kollmann's ditto i. 325 Nose ditto i. 327, 328"		66322e6103e0d8944be90aeb86f883f0e09d0797	https://www.biodiversitylibrary.org/itempdf/58316	"470,79.20,163.44,92.41,9.01;470,79.74,173.07,85.87,9.01"
doc0022	cite0547	Raw_Reference	"Berry, Chris. 1999. ""Representing Chinese Women: Researching Women in the Chinese Cinema."" In Finnane and McLaren 1999, 198-211."		d56e982ec9de8ffa22fae2c63d4f0e42979202f5	https://escholarship.org/content/qt12h450zf/qt12h450zf.pdf?t=krz5v9	"131,53.98,532.14,305.69,8.84;131,65.98,543.64,246.16,8.84"
doc0023	cite0548	Raw_Reference	"Bible, the, 29-30"		9d7a870c061da41b94c24ceb6360386d011b99e0	https://muse.jhu.edu/book/67900/pdf	"551,227.41,426.60,64.46,11.10"
doc0042	cite0549	Raw_Reference	"Drewes, G. W. J. 1968 ""New Light on the Coming of Islam to Indonesia?"" Bijdragen tot de Taal-, Land-, en Volkenkunde 124:433-59."		e2fdab6d844971683e03b50fe9efe3c058a3e9d9	https://library.oapen.org/bitstream/20.500.12657/41852/1/9780472901722.pdf	"301,53.89,389.73,91.09,10.80;301,69.25,406.29,22.13,10.80;301,113.41,406.29,250.00,10.80;301,112.81,417.45,235.66,10.80;301,113.66,428.61,56.77,10.80"
doc0013	cite0550	Raw_Reference	"Pygopterus scoticus, L. Agassiz, ibid. p. 10 (includes undefined species Nemopteryx mandibularis and Sauropsis scoticus)."		9234928a487f03f740c5ead7ff669b96329e1c0a	https://www.biodiversitylibrary.org/itempdf/125733	"522,120.35,379.97,238.47,8.41;522,124.27,389.66,201.38,8.41"
doc0023	cite0551	Raw_Reference	"Brandes, Georg, 514 n.119"		9d7a870c061da41b94c24ceb6360386d011b99e0	https://muse.jhu.edu/book/67900/pdf	"552,48.61,161.35,97.62,11.10"
doc0013	cite0552	Raw_Reference	"Kallostrakon, 175. podura, 175, Kokkoderma=Coc- coderma, 415."		9234928a487f03f740c5ead7ff669b96329e1c0a	https://www.biodiversitylibrary.org/itempdf/125733	"614,284.69,250.98,66.93,7.15;614,292.46,259.18,39.09,6.59;614,284.69,266.60,72.18,7.01;614,299.95,274.24,50.35,7.15"
doc0054	cite0553	FootNote	"This paragraph is based on Blackley's ""The Effect of National Insurance on Sound Friendly Societies"", in: The Quarterly Magazine of the Independent Order of Odd Fellows, July 1881, pp. 182-5."		cbc0f11ae06858ce94b88f91b236a1a223667870	https://www.cambridge.org/core/services/aop-cambridge-core/content/view/800C4FE7FBC2DA19ADEB19C9A63DD8FD/S0020859000003849a.pdf/div-class-title-the-attitudes-of-friendly-societies-towards-the-movement-in-great-britain-for-state-pensions-1878-1908-a-href-fn01-ref-type-fn-a-div.pdf	"614,284.69,250.98,66.93,7.15;614,292.46,259.18,39.09,6.59;614,284.69,266.60,72.18,7.01;614,299.95,274.24,50.35,7.15"
doc0013	cite0554	Raw_Reference	"Oracanthus milleri, F. M'Coy, Brit. Paleeoz. Foss. p. 634."		9234928a487f03f740c5ead7ff669b96329e1c0a	https://www.biodiversitylibrary.org/itempdf/125733	"188,73.94,60.96,212.13,8.41"
doc0019	cite0555	Raw_Reference	"Di Maggio, Paul J. and Walter W. Powell (1991): The Iron Cage Revisited: Institutional Isomorphism and Col- lective Rationality in Organizational Fields, in Walter W. Powell and Paul J. DiMaggio (eds), The New In- stitutionalism in Organizational Analysis. Chicago, London: University of Chicago Press: 63-82."		f1eac2ce1c6e174fc13b0f35a8a4f5e0b1171749	https://www.econstor.eu/bitstream/10419/51555/1/670504882.pdf	"43,56.64,460.41,453.55,10.48;43,77.88,474.33,432.31,10.48;43,77.88,488.37,388.17,10.48"
doc0037	cite0556	Raw_Reference	"Robert Buchanan, op. cit.. Vol. 1, p. 176."		2dad2a52dd10a6d7e9c171fe5f5c0d737b96e1f9	http://theses.gla.ac.uk/73782/1/10662308.pdf	"130,88.40,389.82,265.95,9.68"
doc0042	cite0557	Raw_Reference	"Ras, J. J. 1968 Hikajat Band jar, a Study in Malay Historiography. The Hague: Martinus Nijhoff."		e2fdab6d844971683e03b50fe9efe3c058a3e9d9	https://library.oapen.org/bitstream/20.500.12657/41852/1/9780472901722.pdf	"322,55.27,381.83,51.84,10.80;322,70.99,398.63,22.04,10.80;322,114.31,398.63,250.03,10.80;322,114.91,409.91,144.05,10.80"
doc0041	cite0558	Raw_Reference	"Sevres, Treaty of, 272, 273"		3689f080db2243c81a36d6969b8ec27e666038a1	https://dspace.library.uu.nl/bitstream/handle/1874/420970/ASS_Zed.pdf?sequence=1&isAllowed=y	"380,27.36,513.43,92.64,4.34"
doc0048	cite0559	Raw_Reference	"Celts, early ii. 107"		66322e6103e0d8944be90aeb86f883f0e09d0797	https://www.biodiversitylibrary.org/itempdf/58316	"464,246.96,324.61,70.58,9.01"
doc0090	cite0560	Raw_Reference	"Dqghuvrq/ W1Z1 dqg .1 Kvldr +4<;4,= Hvwlpdwlrq ri G|qdplf Prghov zlwk Huuru .rpsrqhqwv/ Mrxuqdo ri wkh Dphulfdq Vwdwlvwlfdo Dvvrfldwlrq/ :9/ 8<;09391"		97044e7ddd8f91d17d86a3ac6d7443cf0d1be157	https://www.cemfi.es/ftp/wp/0016.pdf	"77,92.28,150.84,440.78,12.00;77,115.68,172.44,387.35,12.00"
doc0035	cite0561	Raw_Reference	"______. ______. Minutes of Evidence . . . of Witnesses further relating to the subject of Unemployment (Appendix volume IX of the Royal Commission on the Poor Laws and Relief of Distress) (1910, XLVIX)."		eee12636fa1771663a8831e64cf22aafb808fafd	https://openresearch-repository.anu.edu.au/bitstream/1885/23866/2/01_Boyer_New_Estimates_of_British_2002.pdf	"32,132.00,319.27,347.98,8.66;32,150.00,330.91,330.03,8.66;32,150.00,342.55,138.07,8.66"
doc0037	cite0562	Raw_Reference	"Barony Churoh Magasine, 1855-185,6."		2dad2a52dd10a6d7e9c171fe5f5c0d737b96e1f9	http://theses.gla.ac.uk/73782/1/10662308.pdf	"274,85.53,105.85,222.77,8.84"
doc0049	cite0563	Raw_Reference	"Adams, R McC. (1981) HUlrr14nd of Cities. University of Chicago Press: Chicago."		85f4821233b2ab923d57b7a02d67725e940f58db	http://dro.dur.ac.uk/5787/1/5787.pdf	"22,304.29,251.82,263.67,9.72;22,314.76,263.82,110.20,9.72"
doc0041	cite0564	Raw_Reference	"Beck, Peter J. (1981), 'A tedious and perilous controversy': Britain and the settlement of the Mosul dispute, 1918-1926', Middle Eastern Studies 17/2: 256-276."		3689f080db2243c81a36d6969b8ec27e666038a1	https://dspace.library.uu.nl/bitstream/handle/1874/420970/ASS_Zed.pdf?sequence=1&isAllowed=y	"356,27.36,341.94,311.52,5.34;356,39.36,353.17,299.28,5.17;356,39.36,364.21,93.36,5.17"
doc0022	cite0565	Raw_Reference	"Shang, Xiaoyuan. 1999. ""Women and the Public Sphere: Education, NGO Affiliation and Political Participation."" In West et al. 1999, 195-210."		d56e982ec9de8ffa22fae2c63d4f0e42979202f5	https://escholarship.org/content/qt12h450zf/qt12h450zf.pdf?t=krz5v9	"158,71.98,451.64,306.16,8.83;158,83.98,463.14,266.42,8.83"
doc0101	cite0566	Raw_Reference	"Rigakos, G. & Hadden, R. (2001) Crime, capitalism and the 'risk society': Towards the same olde modernity? Theoretical Criminology 5(1): 61-84"		55da0bad2ebba52a989f04304253f1615cb125f3	http://oro.open.ac.uk/55182/5/55182.pdf	"24,72.00,190.00,439.65,11.27;24,72.00,206.84,254.60,11.28"
doc0102	cite0567	Raw_Reference	"Cancer Epidemiology .. . . . . . . . . . . . . . . . . . . . . . . . . . .. . . . . . . . . . . . . . . . . . . . . . . . . . 2159 Paolo Boffetta 54 Musculoskeletal Disorders . . . . . . . . . . . . . . . . . . . . . .. . . . . . . . . . . . . . . . . . . . . . . . . . 2191 Hilkka Riihimäki 55 Epidemiology of Obesity . . . . . . . . . . . . . . . . . . . . . . . .. . . . . . . . . . . . . . . . . . . . . . . . . . 2229 Brian K. Kit, Cynthia L. Ogden, and Katherine M. Flegal 56 Epidemiology of Respiratory Allergies and Asthma . . . . . . . . . . . . . . . . . . . 2263 Jeroen Douwes and Neil Pearce 57 Epidemiology of Dental Diseases . . . . . . . . . . . . . . .. . . . . . . . . . . . . . . . . . . . . . . . . . 2321 David I. Conway, Alex D. McMahon, Douglas Robertson, and Lorna M. D. Macpherson 58 Epidemiology of Digestive Diseases . . . . . . . . . . . .. . . . . . . . . . . . . . . . . . . . . . . . . . 2355 Antje Timmer and Lloyd R. Sutherland 59 Epidemiology of Psychiatric Disorders . . . . . . . .. . . . . . . . . . . . . . . . . . . . . . . . . . 2389 Stephen L. Buka, Emma W. Viscidi, and Ezra S. Susser 60 Epidemiology of Diabetes . . . . . . . . . . . . . . . . . . . . . . .. . . . . . . . . . . . . . . . . . . . . . . . . . 2429 Matthias B. Schulze and Frank B. Hu Index . . . . . . . . . . . . . . . . . . . . . . . . . . . . . . . . . . . . . . . . . . . . . . .. . . . . . . . . . . . . . . . . . . . . . . . . . 2469"		6875ee1a99188258cc6a35d84bcf7c431cf2f6b0	https://link.springer.com/content/pdf/bfm%3A978-0-387-09834-0%2F1	"21,84.20,70.92,310.18,8.97;21,84.24,82.91,57.60,8.97;21,62.40,100.91,331.99,8.97;21,84.25,112.91,69.61,8.97;21,62.41,130.91,331.98,8.97;21,84.25,142.92,228.48,8.97;21,62.41,160.92,331.98,8.97;21,84.25,172.91,126.79,8.97;21,62.41,190.80,331.98,8.97;21,84.25,202.79,244.62,8.97;21,84.25,214.79,101.83,8.97;21,62.41,232.79,331.98,8.97;21,84.25,244.78,157.04,8.97;21,62.41,262.79,331.98,8.97;21,84.25,274.78,221.01,8.97;21,62.41,292.78,331.98,8.97;21,84.25,304.78,149.46,8.97;21,84.25,322.78,310.13,8.97"
doc0013	cite0568	Raw_Reference	"Megalechthys rugosus, Woodward & Sherborn, Cat. Brit. Foss. Vertebrata, p. 118."		9234928a487f03f740c5ead7ff669b96329e1c0a	https://www.biodiversitylibrary.org/itempdf/125733	"436,73.35,373.16,238.24,8.27;436,77.18,382.98,65.08,8.41"
doc0048	cite0246	Raw_Reference	"Angle, profile, mean and deviation of i. 323 standard Anglo-Saxons, mean and standard devia- tion, of cephalic index i. 290 ; of skull capacity i. 335"		66322e6103e0d8944be90aeb86f883f0e09d0797	https://www.biodiversitylibrary.org/itempdf/58316	"463,35.10,634.74,116.29,9.01;463,45.00,644.47,69.55,9.01;463,163.44,635.23,31.07,8.01;463,209.34,260.48,159.35,9.01;463,218.88,270.03,150.36,9.01;463,218.70,279.72,55.57,9.01"
doc0048	cite0569	Raw_Reference	Lillekort ii. 77 ftn. (hero lowly) 80 (woman heir)		66322e6103e0d8944be90aeb86f883f0e09d0797	https://www.biodiversitylibrary.org/itempdf/58316	"468,83.52,152.75,143.51,9.01;468,93.42,162.36,51.55,9.01"
doc0083	cite0570	Raw_Reference	Krishna Rao M.V. Studies in Kautalya. Mysore 1953* Kuraishi M.H. A Guide to Rajgir. Delhi 1939* Lankavatarasutra. [m^&H Lassen C. Indische Alterthumskunde. Leipzig and London 1858-74.		1489c53a5ab37d65c4735f5d823a95235a7b4396	https://eprints.soas.ac.uk/29395/1/10731540.pdf	"571,98.10,646.29,302.20,10.95;571,419.04,646.29,96.65,10.95;571,98.10,673.79,105.05,10.95;571,221.76,673.79,145.69,10.95;571,386.65,673.79,87.80,10.95;571,98.70,700.09,142.00,10.95;571,342.60,698.51,44.30,12.82;571,98.70,728.29,72.35,10.95;571,189.90,728.29,206.15,10.95;571,411.30,728.29,146.70,10.95;571,287.50,741.79,62.40,10.95"
doc0048	cite0571	Raw_Reference	Quick ii. 194		66322e6103e0d8944be90aeb86f883f0e09d0797	https://www.biodiversitylibrary.org/itempdf/58316	"473,206.28,95.76,48.91,9.01"
doc0032	cite0572	Raw_Reference	"Carriages: rarity of, 159-160"		07960b0a69e7d22b239cbd1228a8585e3d361236	https://muse.jhu.edu/book/72156/pdf	"214,220.61,524.43,108.05,6.83"
doc0029	cite0573	Raw_Reference	"Solie, Ruth: on ideology of gender in music, 151; on Schumann's Frauenliebe, 158-63"		da046592a514d3b052da34aa79a06766dbb89171	https://muse.jhu.edu/book/72311/pdf	"223,46.00,345.55,140.09,8.99;223,55.00,357.55,102.59,8.99;223,55.00,369.54,73.86,8.99"
doc0034	cite0574	Raw_Reference	"Ralph,E.K.; Michael,H.N. and Han,M.C. 1973. Radiocarbon dates and reality, MASCA Newsletter. 9: 1-20."		ddf834d24b5d6674de9a29f6de7686da2e9b0aed	https://ora.ox.ac.uk/objects/uuid:109c9470-855f-4696-906d-61ae770e217b/download_file?safe_filename=602354790.pdf&file_format=application%2Fpdf&type_of_work=Thesis	"275,111.42,380.20,506.88,14.47;275,111.23,404.45,270.26,13.98"
doc0013	cite0575	Raw_Reference	"Nemacanthus, 93, 115. brevis, 117. brevispinus, 117. filifer, 116. granulosus, 117. minor, 117. monilifer, 116. priscus, 112. senticosus, 117. sentionis, 117. tuberculatus, 117."		9234928a487f03f740c5ead7ff669b96329e1c0a	https://www.biodiversitylibrary.org/itempdf/125733	"615,215.86,247.01,75.77,7.43;615,231.84,254.88,12.42,7.57;615,223.49,263.35,35.21,6.87;615,223.34,270.36,53.72,7.71;615,223.49,278.34,34.42,7.57;615,223.34,285.98,52.01,7.85;615,223.34,294.81,36.53,6.73;615,223.63,301.61,47.79,7.85;615,223.34,309.38,39.57,7.71;615,223.34,318.28,48.70,6.73;615,223.34,325.92,44.89,7.01;615,223.20,333.64,57.08,7.01"
doc0103	cite0576	Raw_Reference	"B. Jiang and C. Claramunt, Enviromental and Planning B31, 151 (2004)."		cc317c3aa92fcf75a1e350ed0ffebe42ffb0d17f	http://arxiv.org/pdf/physics/0504163	"4,72.35,582.06,226.68,8.66;4,335.28,393.78,68.68,8.66"
doc0052	cite0577	Raw_Reference	"Mehmet Ali Unal, XVI. Yiizyllda Harput Sancagt (1518-1566) (Ankara: TTK Basimevi, 1989);"		5eb1d4e52e359840554969bc6dfc3ae3bbdaa3a4	http://repository.bilkent.edu.tr/bitstream/11693/24291/1/Population%20changes%20in%20Ottoman%20Anatolia%20during%20the%2016th%20and%2017th%20centuries%20The%20demographic%20crisis%20reconsidered.pdf	"18,327.66,170.41,59.43,6.67;18,54.26,181.49,250.38,6.95"
doc0023	cite0578	Raw_Reference	"Robinson , Edward S. Association Theory To-Day : An Essay in Systematic Psy chology. New York: Century , 1932."		9d7a870c061da41b94c24ceb6360386d011b99e0	https://muse.jhu.edu/book/67900/pdf	"547,46.45,170.44,337.80,12.78;547,57.48,180.91,142.05,12.78"
doc0019	cite0579	Raw_Reference	"Dimitrova-Grajzl, Valentina (2007): The Great Divide Revisited: Ottoman and Habsburg Legacies in Transition. Kyklos 60(4):539-558"		f1eac2ce1c6e174fc13b0f35a8a4f5e0b1171749	https://www.econstor.eu/bitstream/10419/51555/1/670504882.pdf	"43,56.64,516.33,453.45,10.48;43,77.88,530.37,87.54,10.48"
doc0005	cite0580	Raw_Reference	"Jens Kroger, Berlin, Staa#liche musee en Preussischer Kultu,-besitz, ,Museum fur islamisc/ze Kunst: Glas (Mainz: Philipp von Zabern, 1984); and Almut Haupt- mann von Gladiss and Jens Kroger, Berlin, Staatliche Museen Preussischer Kul- turbesitr, ,Museum fur islamische Kunst: 1VIetal1, Stein, Stuck, Holz, Evenbern, Stofe (hlainr: Philipp von Zabern, 1985)."		fc15208c55b16378032b70f869c1f4fbb260aa52	http://arthistoriography.files.wordpress.com/2012/05/blairbloomdoc.pdf	"32,350.35,529.04,237.82,10.01;32,336.49,540.16,252.96,6.75;32,336.00,548.56,253.28,6.75;32,336.48,556.96,252.10,6.75;32,336.72,565.60,118.05,6.75"
doc0077	cite0581	Raw_Reference	"Balkan Corridor, Germans given first steps towards, 168"		10f33b3276fb0a17d76ad750042a952f6253814f	https://archive.org/download/democraticideals00mack/democraticideals00mack_bw.pdf	"275,14.36,400.87,118.76,5.80;275,21.97,411.61,79.13,4.91"
doc0048	cite0582	Raw_Reference	Atom i. 152		66322e6103e0d8944be90aeb86f883f0e09d0797	https://www.biodiversitylibrary.org/itempdf/58316	"463,210.60,423.45,43.03,9.01"
doc0022	cite0583	Raw_Reference	"---. 2004. Wanting a Daughter, Needing a Son: Abandonment, Adop- tion, and Orphanage Care in China. Ed. and intro. Amy Klatzkin. St. Paul, Minn.: Yeong & Yeong."		d56e982ec9de8ffa22fae2c63d4f0e42979202f5	https://escholarship.org/content/qt12h450zf/qt12h450zf.pdf?t=krz5v9	"149,53.98,141.14,306.00,8.84;149,65.98,152.64,293.86,8.84;149,65.98,164.14,93.57,8.84"
doc0076	cite0584	Raw_Reference	"Grossheim, A., 9 (90a), 83 (59b), 204 (75), 256 (55), 281 (105), 303 (49)."		044dfb18bfa94bc5643783f6a44c671fe09ac597	https://repository.naturalis.nl/pub/534974/MBMHU1962188001001.pdf	"194,223.00,171.52,152.61,6.01;194,232.28,180.22,109.57,4.48"
doc0096	cite0585	Raw_Reference	"*! Smail, Origins, ch. , pp. - ; ch. , pp. -. *"" Ibid., p. ."		0811b0d84d8032489894b4eae2dc539982cdcd36	https://ore.exeter.ac.uk/repository/bitstream/10036/3106/1/middle%20sort%20of%20people.pdf	"11,154.00,575.12,184.72,8.73;11,377.40,575.12,53.92,8.73"
doc0083	cite0586	Raw_Reference	"Raghavan. Kalidasa and Kautalya. Nagpur 1946. Rapson. Ancient India. Cambridge 1916* Indian Coins. Strassburg I8 9 7 . Ram ay an a . ^ • M RE. Rock Edicts. Rhys Davids. Buddhist India. London, I9 0 3 . Rhys Eavids. Buddhism. London,1907."		1489c53a5ab37d65c4735f5d823a95235a7b4396	https://eprints.soas.ac.uk/29395/1/10731540.pdf	"574,96.80,347.49,71.34,10.95;574,187.40,347.49,178.55,10.95;574,384.65,347.49,97.30,10.95;574,96.80,375.19,55.00,10.95;574,171.00,375.19,112.84,10.95;574,303.50,375.19,120.70,10.95;574,163.40,402.89,104.00,10.95;574,286.74,402.89,133.26,10.95;574,96.80,428.99,117.10,10.95;574,96.50,456.19,22.45,10.95;574,137.70,456.19,96.25,10.95;574,96.30,484.39,96.55,10.95;574,211.51,484.39,121.75,10.95;574,352.24,484.39,108.76,10.95;574,96.30,511.99,96.40,10.95;574,211.16,511.99,72.10,10.95;574,302.95,511.99,95.76,10.95"
doc0042	cite0587	Raw_Reference	"Hall, K. R. 1975 TT Khmer Commercial Development and Foreign Contacts under Suryavarman I. "" Journal of the Economic and Social History of the Orient 18:318-36. 1976a n An Introductory Essay on Southeast Asian Statecraft in the Classical Period. Tt In Explorations in Early Southeast Asian History, edited by K. R. Hall and J. K. Whitmore, pp. 1-24. Michigan Papers on South and Southeast Asia No. 11. Ann Arbor: CSSEAS Publications. 1976b tT State and Statecraft in Early Srivijaya. Tt In Explorations in Early Southeast Asian History, edited by K. R. Hall and J. K. Whitmore, pp. 61- 105. Michigan Papers on South and Southeast Asia No. 11. Ann Arbor: CSSEAS Publications. In press 'International Trade and Foreign Diplomacy in Early Medieval South India. TT Journal of the Economic anfl Social History of the Orient."		e2fdab6d844971683e03b50fe9efe3c058a3e9d9	https://library.oapen.org/bitstream/20.500.12657/41852/1/9780472901722.pdf	"307,54.18,124.47,57.37,10.80;307,69.77,139.95,22.12,10.80;307,113.02,137.38,8.72,7.02;307,121.03,139.95,224.37,10.80;307,113.46,150.99,236.86,10.80;307,113.70,162.03,264.48,10.80;307,69.78,179.07,27.21,10.80;307,113.38,176.50,3.86,7.02;307,116.89,179.07,260.34,10.80;307,113.10,190.35,117.94,10.80;307,231.27,187.78,7.10,7.02;307,246.30,190.35,120.31,10.80;307,113.22,201.63,250.04,10.80;307,113.58,212.91,242.22,10.80;307,113.22,224.19,227.55,10.80;307,113.34,235.47,107.51,10.80;307,69.77,252.39,27.09,10.80;307,112.90,249.82,6.61,7.02;307,119.26,252.39,189.64,10.80;307,309.00,249.82,6.97,7.02;307,324.57,252.39,9.79,10.80;307,113.70,263.55,232.80,10.80;307,113.93,274.71,252.70,10.80;307,114.06,285.87,252.99,10.80;307,113.22,297.03,212.76,10.80;307,68.34,314.31,285.43,10.80;307,113.70,325.47,134.43,10.80;307,247.89,322.90,9.20,7.02;307,265.26,325.47,68.50,10.80;307,113.70,336.63,212.28,10.80"
doc0104	cite0588	Raw_Reference	"Panciera, S. 1999. ""Dove fioisee 1a cilia?"" in S. Quilici Gigli (ed.), U2 Jam/Q della atta r dd turilorio. EspmnlU' mf'todologidre t' rrsulfatr a confrollto (Rome) 9-15."		3d41b1dcc2c50381be424954804af596afa53d91	http://dro.dur.ac.uk/3707/1/3707.pdf	"20,53.23,94.11,490.13,8.82;20,68.00,107.89,126.52,9.00"
doc0040	cite0589	Raw_Reference	"Wolfgang, Marvin M., and Franco Ferracuti. 1967. The Subculture of Violence. London: Tavistock."		44f25c5d43f0f63f10548c211e8e6fc9c754c5e6	https://scholarworks.bgsu.edu/cgi/viewcontent.cgi?article=1005&context=soc_pub	"39,149.75,270.03,310.88,7.27;39,158.22,279.50,36.40,7.27"
doc0056	cite0590	Raw_Reference	"K. K. Berthelsen and J. Møller. An efficient MCMC method for Bayesian point process models with intractable normalising constants. In A. Bad- deley, P. Gregori, J. Mateu, R. Stoica, and D. Stoyan, editors, Spatial Point Process Modelling and Its Applications. Publicacions de la Universi- tat Jaume I, 2004."		1b7bbd456b65c2cb3f31fbcb156dbefbc3847828	https://citeseerx.ist.psu.edu/viewdoc/download?doi=10.1.1.145.5737&rep=rep1&type=pdf	"33,127.32,616.53,323.22,9.96;33,127.32,628.47,323.24,9.96;33,127.32,640.41,323.30,9.96;33,127.32,652.41,323.25,9.96;33,127.32,664.35,80.17,9.96"
doc0084	cite0591	Raw_Reference	"Mark Shepard (editor), 2011. Sentient city: Ubiquitous computing, architecture, and the future of urban space. Cambridge, Mass.: MIT Press. Yongjun Shin and Dong-Hee Shin, 2012. ""Community informatics and the new urbanism: Incorporating information and communication technologies into planning integrated urban communities,"" Journal of Urban Technology, volume 19, number 1, pp. 23-42. doi: http://dx.doi.org/10.1080/10630732.2012.626698, accessed 5 November 2013."		0ca1f16b7bf5e5f36d9d8c84d5351fc88fd8a14f	https://pure.uva.nl/ws/files/1255957/157686_de_Lange.pdf	"13,79.08,439.32,413.40,10.16;13,79.08,449.82,184.11,10.16;13,79.08,468.72,379.74,10.16;13,79.08,479.22,381.61,10.16;13,79.08,489.72,333.84,10.16;13,79.08,500.22,361.51,10.16"
doc0089	cite0592	Raw_Reference	"Saxonia (SAX; Dresden 1820-50): Mittheilungen des statistischen Vereins, pp. 66f. (1820-31, obvious misprint for 1821 corrected), Seuffert, Statistik, p. 375 (1832-50)."		6d1d01fd8e3650b01702c29a6eba7f926d597f9e	https://epub.ub.uni-muenchen.de/15926/1/economic_crises.pdf	"29,140.25,508.10,339.76,8.86;29,155.46,519.74,324.56,8.86"
doc0069	cite0593	Raw_Reference	"Tejan-Kella, M.S., Chittleborough, DJ., Fitzpatrick, R.W., Thompson, C.H., Prescott, J.R. and Hutton, J.T. 1990 Thermoluminescence dating of coastal sand dunes at Cooloola and North Stradbroke Island, Australia. Austra- lian Journal of Soil Research 28:465-81."		89904c6229d76cccd8c5c11b217d07c6e2d7a245	https://researchonline.jcu.edu.au/18556/1/lilley%26ulm_1995_aa.pdf	"5,331.56,427.29,149.80,9.73;5,475.44,427.65,96.13,9.61;5,352.92,437.01,218.05,10.45;5,352.92,447.69,217.62,10.81;5,352.92,458.49,221.59,10.21;5,353.28,469.41,151.66,10.33"